rank,age,player_name,gamertag,num_frst,num_scnd,num_thrd,num_top3,earnings,earnings_per_top3,log_earnings,is_outlier
1,26,Stéphane Lebleu,Shaiiko,20,14,6,40,882912,22073,13.6909819469856,True
2,28,Loïc Chongthep,BriD,16,18,3,37,750959,20296,13.529107667010873,True
3,26,Jaime Ramos,Cyber,10,2,10,22,593322,26969,13.293494217718166,True
4,24,Gustavo Herdina,HerdsZ,5,9,8,22,557192,25327,13.230666957994805,True
5,22,Diego Zanello,Kheyze,6,10,8,24,557089,23212,13.230482085749076,True
6,22,João Vitor,Jv92,8,6,10,24,556901,23204,13.230144560880344,True
7,28,Troy Jaroslawski,Canadian,11,10,7,28,547040,19537,13.212279032891347,True
8,24,Lucas Romero Schinke,soulz1,11,2,8,21,547039,26049,13.212277204873129,True
9,21,Théo Mariano,LikEfac,11,9,1,21,541864,25803,13.202772171906059,True
10,23,Felipe De Lucia,FelipoX,5,4,9,18,541572,30087,13.202233147048023,True
11,29,Bryan Tebessi,Elemzje,20,13,8,41,518075,12636,13.157877228626283,True
12,31,Olivier Vandroux,Renshiro,18,12,7,37,508571,13745,13.139362077367775,True
13,30,Julio Coelho Neto Giacomelli,Julio,4,11,8,23,486596,21156,13.095191544084441,True
14,29,Emilio Leynez Cuevas,Geometrics,4,8,6,18,473133,26285,13.067133925449992,True
15,23,Jason Doty,Beaulo,7,6,4,17,458811,26989,13.036395819082758,True
16,25,,KDS,8,3,10,21,458418,21829,13.03553889204028,True
17,26,Gustavo Eugênio Rigal Dos Santos,Psycho,4,9,9,22,454066,20639,13.026000043227569,True
18,22,Felipe Sá Ferreira,nade,4,3,6,13,444588,34199,13.00490553886563,True
19,30,André Oliveira,nesk,9,11,11,31,444186,14329,13.00400092391785,True
20,24,Alec Fultz,Fultz,8,4,8,20,435896,21795,12.985161255890343,True
21,24,Gabriel Fernandes Meliato Paravizo,pino,3,6,5,14,429285,30663,12.969878642453315,True
22,26,Artur Ipatov,ShepparD,18,8,5,31,422166,13618,12.953156249333022,True
23,25,Luccas Vinicius Molina,Paluh,15,8,10,33,421838,12783,12.952379003634501,True
24,26,Danil Gabov,JoyStiCK,16,8,5,29,421541,14536,12.951674695588014,True
25,24,Murilo Ripoli Moscatelli,Muzi,3,5,5,13,419445,32265,12.946690071931437,True
26,30,Jake Grannan,Virtue,5,7,5,17,415226,24425,12.936580637621264,True
27,26,Juhani Toivonen,Kantoraketti,13,7,4,24,408952,17040,12.921355513996343,True
28,23,Victor Augusto dos Santos,VITAKING,11,4,6,21,393767,18751,12.883517182362828,True
29,25,Bryan Wrzek,Merc,7,6,4,17,389821,22931,12.873445503662555,True
30,22,Thiago Sá Ferreira,Handyy,7,1,7,15,389781,25985,12.873342887462446,True
31,26,João Fabiano De Campos Gomes,Kamikaze,4,8,8,20,389489,19474,12.872593470022409,True
32,23,Karl Azevedo Zarth,Alem4o,4,4,2,10,388937,38894,12.871175226864338,True
33,27,Matthew Solomon,Achieved,7,7,3,17,386666,22745,12.865319136483032,True
34,29,Dylan Bosco,Bosco,8,4,8,20,376983,18849,12.83995802521123,True
35,27,Niclas Mouritzen,Pengu,14,5,6,25,372503,14900,12.82800305499913,True
36,24,Josh Pritchard,Yuzus,10,10,6,26,371418,14285,12.825086084373595,True
37,25,Jack Robertson,Doki,8,4,4,16,365863,22866,12.810016958629348,True
38,24,Fatih Türker,Solotov,9,7,7,23,365082,15873,12.807880003974065,True
39,26,Nathanial Duvall,Rampy,9,4,7,20,363268,18163,12.802898885639314,True
40,24,Danila Dontsov,dan,10,7,4,21,351471,16737,12.769885328453967,True
41,21,Benjamin Dereli,Benjamaster,5,5,8,18,349705,19428,12.764848080467903,True
42,30,Fabian Hällsten,Fabian,13,4,6,23,344479,14977,12.74979131259819,True
43,30,Daniel Mazorra Romero,Goga,11,2,5,18,318997,17722,12.672940112154851,True
44,27,Dmitry Semenov,Scyther,13,8,3,24,313554,13065,12.655730062264054,True
45,27,Brady Davenport,Chala,5,4,2,11,312733,28430,12.653108267947745,True
46,32,Joonas Savolainen,jNSzki,10,2,4,16,299247,18703,12.60902794002278,True
47,26,Javier DeAndre Escamilla,Thinkingnade,6,2,5,13,296413,22801,12.59951240475689,True
48,26,Matthew Stevens,Hotancold,7,3,9,19,294783,15515,12.593998163740302,True
49,21,Gabriel Fernandes,volpz,3,10,4,17,292724,17219,12.586988880716925,True
50,31,Gabriel Hespanhol,cameram4n,6,5,11,22,275237,12511,12.525391456904316,True
51,31,Paulo Augusto Arneiro Lourenço,psk1,8,3,8,19,275083,14478,12.52483178455242,True
52,24,Byron Murray,Blurr,5,2,3,10,267276,26728,12.49604085278327,True
53,23,Dmitry Mitrahovich,Always,6,6,4,16,266131,16633,12.49174770527869,True
54,27,Adrien Rutik,RaFaLe,9,13,7,29,260880,8996,12.471819643635861,True
55,25,Davide Bucci,FoxA,7,4,14,25,258094,10324,12.461083013182755,True
56,25,José Victor Santos De Souza,Bullet1,8,1,7,16,247140,15446,12.417714302939547,True
57,22,Leonardo Biondi Figueiredo,Kyno,4,4,4,12,243859,20322,12.404349569114256,True
58,27,Leonardo Luis Buzzachera,Astro,5,4,12,21,236896,11281,12.375380726495566,True
59,25,Thiago Reis,xS3xyCake,9,3,8,20,229776,11489,12.34486455235555,True
60,23,Lorenzo Gomes Volpi,Lagonis,5,7,4,16,223700,13981,12.318065617740915,True
61,22,Pablo Oliveira,resetz,3,5,4,12,221542,18462,12.308371980551865,True
62,21,William Löfstedt,Spoit,11,5,1,17,216479,12734,12.285253443404615,True
63,23,Nick Rapier,njr,3,4,5,12,214788,17899,12.277411429877242,True
64,25,,Jlad,11,8,3,22,214344,9743,12.275342145418627,True
65,27,Tyler McMullin,Ecl9pse,6,6,8,20,213383,10669,12.270848638469085,True
66,27,João Deam,HSnamuringa,7,5,8,20,211714,10586,12.262996309596328,True
67,27,Franklyn Andres Cordero,VertcL,4,8,7,19,202834,10675,12.22014811963472,True
68,22,Roberto Feliciano,Panbazou,2,3,5,10,200145,20014,12.206802379209774,True
69,30,Aleksi Työppönen,UUNO,6,7,5,18,197451,10970,12.193250795810116,True
70,22,Leonardo Lopes,d4sh,5,3,4,12,197057,16421,12.191253380631823,True
71,23,João Miranda,Dotz,4,2,4,10,196872,19687,12.190314129780276,True
72,28,Gabriel Mirelez,LaXInG,5,4,11,20,196746,9837,12.189673918387035,True
73,25,,Okillz,8,9,4,21,195888,9328,12.185303451258601,True
74,22,Júlio Gabriel,L0BIN,3,8,5,16,192554,12035,12.168137106187137,True
75,27,Alexander Magor,Skys,5,4,7,16,189117,11820,12.150126437847844,True
76,22,David Ifidon,iconic,4,3,0,7,187488,26784,12.14147545600498,True
77,24,Paul Kontopanagiotis,Hyper,4,6,4,14,186825,13345,12.137932981386868,True
78,20,Fahad Albabtain,P9,11,8,1,20,186344,9317,12.135355073315887,True
79,26,Ben McMillan,CTZN,10,4,3,17,185419,10907,12.130378801160973,True
80,24,Reon Sakai,Anitun,9,7,7,23,182830,7949,12.11631750786948,True
81,24,Sho Hasegawa,BlackRay,9,7,7,23,182830,7949,12.11631750786948,True
82,23,Lucas Dias,DiasLucasBr,3,6,4,13,182553,14043,12.114801298648707,True
83,22,Arthur Oliveira,GMZ,2,6,4,12,181594,15133,12.109534211730642,True
84,26,Richard Coronado,Rexen,8,5,5,18,180512,10028,12.103558076322265,True
85,22,Evan Nelson,Yoggah,4,2,4,10,177819,17782,12.08852708167513,True
86,24,Pablo Rebeil,Gryxr,9,3,5,17,175286,10311,12.074179909574159,True
87,26,Eugene Petrishin,karzheka,10,3,4,17,170735,10043,12.047873782856346,True
88,22,Jack Burkard,J9O,4,2,2,8,169704,21213,12.041816914547846,True
89,25,Roman Breaux,Forrest,6,3,3,12,168174,14014,12.032760382893807,True
90,23,Nathan Sharp,Nafe,5,2,6,13,166431,12802,12.0223420965728,True
91,25,,Q6z.,6,8,1,15,164475,10965,12.010519941887075,True
92,23,Zachary Dionne,SpiriTz,6,3,2,11,163236,14840,12.0029584115023,True
93,25,,Joker619,8,7,4,19,161417,8496,11.991752552763197,True
94,26,Takuma Nakajima,SuzuC,9,9,5,23,155916,6779,11.957079093360115,True
95,26,Mitch Malson,Dream,5,4,4,13,150175,11552,11.919563218594144,True
96,25,Leon Giddens,LeonGids,7,4,5,16,145625,9102,11.888796970231315,True
97,23,Pavel Kosenko,p4sh4,3,3,9,15,144873,9658,11.883619678116073,True
98,24,Denis Navas,Dodez,2,1,5,8,140641,17580,11.853972933523238,True
99,23,Taiyo Hirayama,Ayagator,7,6,4,17,132997,7823,11.79808936949684,True
100,32,Valentin Liradelfo,risze,13,3,9,25,132462,5298,11.79405864012917,True
101,28,Bastien Dulac,BiBoo,7,10,8,25,132264,5291,11.792562764838904,True
102,23,Gaven Black,Gaveni,4,1,3,8,131963,16495,11.790284437098935,True
103,28,Maurice Erkelenz,AceeZ,9,3,3,15,130306,8687,11.777648483849537,True
104,22,Gabriel Santos,AsK,4,4,6,14,130277,9306,11.777425907721828,True
105,25,,Madskills,7,6,0,13,129067,9928,11.768094676241601,True
106,22,Gabriel Araujo Maia,Maia,3,4,4,11,126497,11500,11.747981776748048,True
107,25,,Hashom,14,9,1,24,125618,5234,11.741008795460845,True
108,32,Kim Seong-soo,EnvyTaylor,26,7,6,39,123006,3154,11.719996543304315,True
109,20,Shaun Pottorff,Gunnar,10,5,6,21,122656,5841,11.717147121029907,True
110,21,Ethan James,Nuers,2,2,3,7,121933,17419,11.711235193724407,True
111,25,Kaique Stephano Moreira,Faallz,1,2,7,10,121183,12118,11.70506533070152,True
112,25,Tassus Scarinci Buchabqui Issi,reduct,1,2,7,10,120780,12078,11.701734267344094,True
113,24,Hideki Nishida,gatorada,9,7,5,21,120753,5750,11.70151069726015,True
114,24,Luca Ribeiro Sereno,LuKid,2,2,5,9,120536,13393,11.69971203872334,True
115,31,Pascal Alouane,cryn,7,1,2,10,120037,12004,11.695563638302543,True
116,29,Ahmet Hasan,SRSLy,11,6,1,18,117905,6550,11.677642975815822,True
117,26,Mohammed Alghamdi,MSSS,4,6,1,11,117690,10699,11.675817824734242,True
118,24,Patrick Fan,MentalistC,2,3,3,8,116795,14599,11.668184102214495,True
119,29,Yoo Sang-hoon,yass,10,8,10,28,116721,4169,11.667550318073854,True
120,24,Nicolas Rimbaud,P4,5,3,6,14,113467,8105,11.639276137825522,True
121,25,,Rappz,2,2,6,10,112140,11214,11.627512287062551,True
122,28,Leon Pesić,neLo,8,3,5,16,110439,6902,11.61222766604409,True
123,25,,Caneo,1,4,3,8,109579,13697,11.604410155092406,True
124,25,Aaron Dugger,Shuttle,7,3,1,11,108740,9885,11.596724186905558,True
125,30,Lee Si-hun,Nova,21,9,6,36,108261,3007,11.592309494224294,True
126,22,Park Jin-wook,Woogiman,12,6,6,24,105694,4404,11.568312867049787,True
127,23,Jo Sung-jun,coted,11,6,6,23,105641,4593,11.5678112984545,True
128,31,Kyle Lander,Mint,3,3,7,13,105150,8088,11.563152691309114,True
129,26,Axel Freisberg,Shiinka,5,2,7,14,104364,7455,11.555649649180006,True
130,25,,X.Ke,12,8,1,21,104285,4966,11.554892403791534,True
131,22,Yanis Dahmani,Mowwwgli,6,1,5,12,101716,8476,11.529949726376008,True
132,26,Han Chan-yong,Static,24,6,6,36,101651,2824,11.529310494219551,True
133,25,Lukas Zwingmann,korey,8,7,1,16,101290,6331,11.525752841275015,True
134,23,Taiyo Kitano,Taiyou,12,1,4,17,100893,5935,11.521825739756947,True
135,28,Artyom Simakov,Shockwave,9,5,5,19,100646,5297,11.519374624364408,True
136,22,Osama Al Zahrani,Tr1ixd,11,8,1,20,100510,5026,11.518022453228072,True
137,26,Sumate Srimabut,i9,18,9,12,39,98713,2531,11.499982059334299,True
138,28,Austin Trexler,Yung,5,6,3,14,98313,7022,11.495921717154042,True
139,25,Hussein Ali Shrara,Valantino,3,5,7,15,97825,6522,11.49094566936217,True
140,19,Liam Paz,Ashn,11,3,2,16,96261,6016,11.474828919703384,True
141,22,Caio Szazi,Neskin,3,2,5,10,95003,9500,11.461674274959433,True
142,22,Aoi Tanigawa,Wqsyo1,12,1,4,17,94165,5539,11.452814461229444,True
143,26,Nathan Valenti,nvK,5,5,2,12,93855,7821,11.449516971777177,True
144,22,Riku Katou,Rec,9,1,3,13,93186,7168,11.442363505966208,True
145,26,Luke Kendrew,Kendrew,9,3,3,15,92673,6178,11.436843237564169,True
146,24,Mohamed Matin bin Mohamed Yunos,SpeakEasy,8,6,4,18,92188,5122,11.431596096570342,True
147,25,Szymon Kamieniak,Saves,10,1,3,14,92119,6580,11.430847353934622,True
148,26,Alexander Lloyd,Retro,4,1,4,9,91696,10188,11.42624494233317,True
149,25,Tom Pieksma,Deapek,10,3,3,16,91102,5694,11.419746013551066,True
150,25,,Necrox,3,5,1,9,90812,10090,11.416557726147447,True
151,25,Jang Byeong-uk,RIN,7,7,5,19,90530,4765,11.413447612470558,True
152,23,Lee Hyo-jun,Harp3rXD,11,5,6,22,89552,4071,11.402585907765237,True
153,27,Alexander Lawson,Yeti,5,2,5,12,86203,7184,11.364471859287463,True
153,25,Lim Heon-seong,Yeti,5,2,5,12,86203,7184,11.364471859287463,True
154,25,,Levy,3,3,4,10,85159,8516,11.352287119007416,True
155,26,Etienne Rousseau,Mag,5,2,3,10,84828,8483,11.348392744449852,True
156,21,Souma Kitamura,FishLike,9,0,1,10,83693,8369,11.334922569320291,True
157,25,,Pojoman,2,1,5,8,82476,10310,11.32027474557542,True
158,27,Jason Chen,Lusty,7,2,3,12,81273,6773,11.305581441189922,True
159,24,Song Dong-seon,SyAIL,11,8,8,27,80968,2999,11.301821644350715,True
160,27,Atibordee Noichan,Sapper,22,9,8,39,80150,2055,11.29166763456623,True
161,22,Aldi Firmansyah,Hovenherst,5,7,3,15,79958,5331,11.289269282283007,True
162,23,Omar Al Dajani,Eaglex99,7,7,9,23,78646,3419,11.272724764084428,True
163,24,Adithep Channuan,DCH,21,7,9,37,78597,2124,11.27210153280094,True
164,23,Evan Bushore,Kanzen,2,5,6,13,77993,5999,11.264387179636074,True
165,33,Ville Palola,SHA77E,7,3,4,14,77470,5534,11.257658951765176,True
166,24,Paramin Suwanwattana,sprOnigiri,16,6,6,28,77206,2757,11.254245405477397,True
167,26,Jan Philipp Hucke,ripz,5,3,3,11,76864,6988,11.2498059153467,True
168,22,Marc Steinmann,jume,10,12,10,32,76580,2393,11.246104283185776,True
169,27,Spencer Oliver,Slashug,3,3,9,15,75169,5011,11.227507494171515,True
170,22,Lee Si-hyeon,Soldier,5,5,5,15,74019,4935,11.212090605940148,True
171,21,Wu Weichen,Reeps96,2,2,0,4,73970,18492,11.21142840348472,True
172,36,Seth Hoffman,supr,3,4,4,11,73912,6719,11.210644004861829,True
173,25,Heo Se-woong,CATsang,6,12,5,23,72690,3160,11.193972859434542,True
174,31,Rafael Loureiro Freitas,mav,2,3,6,11,71895,6536,11.182975909338209,True
175,25,,Sageon,10,6,6,22,71861,3266,11.182502892175561,True
176,20,Ayden Gabari,dfuzr,3,1,0,4,71780,17945,11.181375096061787,True
177,26,Yuusuke Sashiyama,Pyon,11,1,4,16,68741,4296,11.138115645121681,True
178,25,Luiz Augusto da Silva Abrantes,Miracle,1,1,8,10,68679,6868,11.137213315011412,True
179,24,Luke Casey,Tyrant,3,2,7,12,68440,5703,11.133727339237783,True
180,27,Lucca Cesana Coser,MKing,3,1,3,7,67518,9645,11.120164318733623,True
181,25,,kondz,4,2,3,9,66490,7388,11.10482187913902,True
182,31,Théophile Dupont,Hicks,7,3,2,12,66426,5536,11.103858879320397,True
183,27,Kim Dae-yeong,Demic,5,9,11,25,66383,2655,11.10321134257265,True
184,25,,Guardz,5,5,4,14,65123,4652,11.084048423851405,True
185,25,,Dov2hkiin,4,5,4,13,64944,4996,11.081296036841385,True
186,26,Morgan Ishizaka,Fishoguy,13,3,3,19,64135,3376,11.068761107722787,True
187,20,Gustavo Gomes,Wizard,4,1,5,10,64064,6406,11.067653471943677,True
188,27,Mark Arismendez,Mark,3,0,5,8,63893,7987,11.064980739243438,True
189,29,Rickard Olofsson,Secretly,7,3,4,14,63145,4510,11.053204784521506,True
190,33,João Gabriel Nerici,yoona,1,4,5,10,62927,6293,11.049746494671592,True
191,25,Jeremy Mao Xuan Tan,HysteRiX,8,7,2,17,62911,3701,11.049492203506839,True
192,25,Sillapakorn Dokmaikhaw,Lycolis,7,13,6,26,62709,2412,11.046276203537067,True
193,31,Glen Suryasaputra,Lunarmetal,9,4,2,15,62405,4160,11.041416703581188,True
194,19,Jaylen Turk,Ambi,9,2,3,14,62120,4437,11.036839375008135,True
195,20,Taylor Ching,Terdsta,2,1,0,3,61601,20534,11.02844961652702,True
196,22,Rennan Vitor De Paula Silva,R4re,1,0,3,4,61537,15384,11.027410149160403,True
197,21,Ryuya Hamasita,Chibisu,0,1,2,3,60541,20180,11.011092618039283,True
198,22,Diogo Dutra Lima Britto da Silva,Fntzy,1,1,3,5,60468,12094,11.00988611600467,True
199,25,,OF4LCoN,8,4,1,13,60328,4641,11.007568195796024,True
200,28,Yuta Inoue,ReyCyil,0,5,5,10,60244,6024,11.006174860357376,True
201,25,,live,4,1,5,10,60227,6023,11.005892639442934,True
202,34,Brandon Carr,BC,2,4,0,6,58812,9802,10.982118197885645,True
203,21,Adam Hryceniak,nudl,2,3,4,9,58781,6531,10.981590964572698,True
204,22,Vitor Peres,peres,4,2,1,7,58632,8376,10.979052956993057,True
205,21,Lee Ji-heon,GoodBoy,6,7,3,16,58157,3635,10.970918723720663,True
206,23,Anastasios Hatzis,Odah,8,3,4,15,58095,3873,10.969852093654117,True
207,26,Ryuki Matsuoka,Ramu,3,2,2,7,57620,8231,10.961642363572961,True
208,25,,Novys,0,1,3,4,57477,14369,10.959157544876406,True
209,23,Jacob Bravico,Sweater,3,1,2,6,56993,9499,10.950701278118238,True
210,25,,MadLegend,7,3,1,11,56788,5163,10.947097923982511,True
211,25,Ronaldo Osawa,ion,1,3,7,11,56330,5121,10.93900028426092,True
212,36,Leo Duarte Borges Pinto,ziGueira,2,2,3,7,56002,8000,10.93316053971096,True
213,29,Niklas Massierer,KS,8,4,2,14,55673,3977,10.927268530581234,True
214,28,Tsukasa Asano,Merieux,1,3,5,9,55208,6134,10.918881262453304,True
215,28,Kevin Skokowski,Easilyy,3,2,6,11,55026,5002,10.915579252849069,True
216,25,Youssef,GoldenPickl3,1,4,7,12,54772,4564,10.910952650789293,True
217,29,Lucas Konstantin Reich,Hungry,12,5,6,23,53744,2337,10.892005918407165,True
218,23,Thiago Torres Gutierro Navarro,LENDA,1,2,4,7,53563,7652,10.888632479615456,True
219,23,Guilherme Bassetto,Bassetto,6,4,3,13,53351,4104,10.884666744312142,True
220,28,Adrian Wui Hong Rui,Ysaera,6,3,4,13,53273,4098,10.883203686260382,True
221,24,Pasatron Boonrubasb,Darkk,3,8,4,15,52941,3529,10.8769522536848,True
222,24,Zachary Thomas,Nyx,2,7,4,13,52839,4065,10.875023758636262,True
223,23,Jimmy Vojtasik,DEADSHT,3,3,1,7,52551,7507,10.869558434572308,True
224,24,Sirasit Ariyasirisopol,BGMan,2,7,7,16,52291,3268,10.864598674681751,True
225,25,,SAxTurki,1,5,4,10,51859,5186,10.856303059092655,True
226,28,Morgan Pacy,rxwd,5,1,4,10,51746,5175,10.854121738432738,True
227,25,,Atom,6,1,4,11,51679,4698,10.852826138456484,True
228,21,Park Ju-wan,Mephi,3,8,2,13,51414,3955,10.84768523766329,True
229,23,Jordan Cheng Jia Heng,Jrdn,6,4,1,11,51230,4657,10.84410009655535,True
230,23,Jake Fortunato,Leadr,4,3,0,7,50967,7281,10.838953263796324,True
231,25,,Brendo,6,2,2,10,50471,5047,10.829174006050646,True
232,23,Hwang Hyeon-jin,Arukaze,5,6,1,12,49920,4160,10.818197034893952,True
233,24,Alexandre Thomas,BlaZ,8,7,7,22,49864,2267,10.817074632835968,True
234,21,Sho Endo,Sironeko,0,1,2,3,49246,16415,10.804603731039336,True
235,29,Toya Miyazawa,Papilia,0,5,4,9,48754,5417,10.794563035269219,True
236,33,Julian Blin,ENEMY,10,7,9,26,47811,1839,10.775031932997871,True
237,21,Lucas Da Silva Alves,Savage,5,2,5,12,47455,3955,10.767558244937659,True
238,22,Damian Medina,Surf,2,2,1,5,47376,9475,10.76589215785248,True
239,20,Nina Abe,Nina,3,3,0,6,47317,7886,10.764646051772234,True
240,21,Dawid Marciniak,Gruby,1,6,5,12,47229,3936,10.762784562890163,True
241,25,,Tex,5,0,2,7,47164,6738,10.761407371083953,True
242,20,Chris Park,Spiff,7,2,2,11,46644,4240,10.750321019395061,True
243,24,Cai Hong-ting,Souffle,9,5,1,15,46548,3103,10.748260800197345,True
244,25,,Flastry,2,2,4,8,45975,5747,10.735874800187577,True
245,24,Issac Moore,Wettables,3,3,2,8,45752,5719,10.731012642324293,True
246,23,Lin Yu-siang,Pikan,8,5,1,14,45524,3252,10.72601690459581,True
247,24,Issei Asakura,LuA,7,3,4,14,45088,3221,10.716393593302708,True
248,23,Hong Sang-yeong,Misa,3,2,4,9,44152,4906,10.695416153893474,True
249,24,Luiz Vinicius Pimentel Salgado,SKaDinha,1,0,1,2,44050,22025,10.693103332582247,False
250,27,Matthew McHenry,Acez,5,2,2,9,43738,4860,10.685995431600869,False
251,31,Guilherme Alf,gohaN,2,0,5,7,43318,6188,10.676346616822633,False
252,20,Kritsanai Saemsub,KritJ,0,3,4,7,43011,6144,10.669234425510417,False
253,28,Ferenc Mérész,SirBoss,2,3,3,8,42728,5341,10.662633125602696,False
254,25,Ethan Wombwell,RizRaz,5,1,2,8,42588,5324,10.659351282951539,False
255,25,,LoneSoldier,1,5,6,12,42435,3536,10.655752337579163,False
256,25,,EmoRin,7,4,2,13,42166,3244,10.649393203588696,False
257,22,Jeong Hyun-seok,Rider,3,1,6,10,42094,4209,10.647684247771764,False
258,27,Kevin Pranowitz,Prano,2,1,5,8,41938,5242,10.643971460585572,False
259,21,Shuuhei Yaguchi,ShuReap,1,2,1,4,41650,10412,10.637080656910605,False
260,27,Nathan Harding,Grizzly,1,2,7,10,41191,4119,10.625999341725977,False
261,27,Ellis Pyart,Pie,2,1,2,5,41020,8204,10.621839409681249,False
262,32,Jean Prudenti,RevaN,9,4,8,21,41018,1953,10.621790652977191,False
263,29,Matthew Sharples,meepeY,6,3,6,15,40995,2733,10.621229779951454,False
264,26,Vitor Hugo Meneses Gonçalves,hugzord,0,1,5,6,40920,6820,10.619398657694624,False
265,29,Jouni Salo,Bounssi,3,4,5,12,40877,3406,10.618347300001723,False
266,20,Jay Wan,Asphy,2,1,0,3,40562,13521,10.610611600026868,False
267,25,Gabriel Pacheco,h1ghs,0,1,2,3,40323,13441,10.604702104173832,False
268,25,,Arcully,0,1,1,2,40266,20133,10.603287553926174,False
269,27,Yudai Ichise,Wokka,1,1,2,4,39880,9970,10.593655298987073,False
270,38,Niklas Ojalainen,Willkey,3,4,3,10,39865,3986,10.593279109282712,False
271,26,Alan Ali,Rask,1,4,7,12,39312,3276,10.57931053196287,False
272,22,Koo Min-seong,RoyBoy,4,3,6,13,38977,2998,10.570752663381969,False
273,25,,Amer,0,2,1,3,38143,12714,10.549123750425021,False
274,26,Renato Luiz,rhZ,3,0,3,6,37806,6301,10.540249549648204,False
275,21,Razaan Adiprakasa,Ape,3,5,4,12,37798,3150,10.540037926231284,False
276,30,Ethan Picard,Ethan,7,3,3,13,37329,2871,10.527552571908629,False
277,27,Artyom Morozov,wTg,1,4,6,11,37197,3382,10.524010275375073,False
278,23,Marko Pilia,Gsla,3,1,1,5,37180,7436,10.523553157094481,False
279,22,Johann Raddatz,Jay,3,1,3,7,36831,5262,10.514122311521609,False
280,28,Wagner Alfaro,wag,0,3,5,8,36704,4588,10.510668264544881,False
280,21,Wagner Vinicius Ferrari Ribeiro,wag,0,3,5,8,36704,4588,10.510668264544881,False
281,27,Pedro Dutra,pzd,2,4,5,11,36561,3324,10.506764728667031,False
282,24,Jake Brown,Sloth,3,2,4,9,36347,4039,10.500894460815237,False
283,29,Dimitri de Longeaux,Panix,9,5,9,23,36205,1574,10.496980129935888,False
284,23,Jordan Morley,Kayak,1,4,2,7,35584,5083,10.479679479733372,False
285,25,,i3z,1,2,4,7,35302,5043,10.471723225145992,False
286,25,,Jon,2,5,5,12,35005,2917,10.463274754350781,False
287,25,Kim Sang-woo,JLT,3,0,6,9,34692,3855,10.45429321647827,False
288,26,Kwon Yu-geun,h3dy,14,5,2,21,34573,1646,10.450857233482733,False
289,21,James Hatfield,Hat,1,2,3,6,34565,5761,10.450625818960438,False
290,19,Adrian Tryka,Adrian,4,2,6,12,34181,2848,10.439454468708451,False
291,25,,Mantcal,4,3,2,9,33828,3759,10.429073701775343,False
292,23,Saravut Mandee,Markelelele,10,5,3,18,33661,1870,10.424124883686112,False
293,25,,Zoldyck,8,2,1,11,33489,3044,10.41900216578825,False
294,23,Luigi Ferrigno,Gemini,0,2,2,4,33469,8367,10.418404794205372,False
295,21,Jaidan Franz,Packer,7,3,5,15,33219,2215,10.410907383167286,False
296,24,Léo Robine,Alphama,4,2,1,7,32923,4703,10.401957154092534,False
297,23,Willian da Costa Gonçalves,Stk,3,1,6,10,32790,3279,10.397909366476442,False
298,25,,Robby,6,1,0,7,32710,4673,10.39546669175574,False
299,30,Shinji Funai,ShiN,8,3,3,14,32707,2336,10.395374975281868,False
300,22,Jigen Akaiwa,Kawa,1,4,2,7,32380,4626,10.38532711001602,False
301,24,Yuuya Okazaki,Aokayu,1,4,2,7,32380,4626,10.38532711001602,False
302,25,,SkMzY,6,5,2,13,32272,2482,10.3819862463277,False
303,21,Phuriphat Kessaneeyabut,MrPuncH,10,4,2,16,32146,2009,10.378074412714673,False
304,24,Kazuki Yamane,Lily,0,4,8,12,31854,2654,10.368949634550589,False
305,25,,Phish,1,1,3,5,31747,6349,10.365585010210767,False
306,25,,Diesel,5,2,0,7,31287,4470,10.350989916435351,False
307,19,Elian Rodriguez,Kobelax,5,1,1,7,31233,4462,10.349262524047791,False
308,23,Callum Humphreys,Neonical,3,3,4,10,31073,3107,10.344126735651946,False
309,30,Martin Eberhard,Spark,3,9,3,15,30653,2044,10.330518438558853,False
310,25,Oscar Sepúlveda,Toski,8,3,0,11,30500,2773,10.32551474894327,False
311,22,Oscar Deacon,Oscr,2,5,3,10,30438,3044,10.32347995992483,False
312,25,,Azzr,5,2,0,7,30349,4336,10.320551796487644,False
313,25,Naoki Kobayashi,Afro,7,2,3,12,30058,2505,10.31091739595388,False
314,25,,Juicy,6,6,8,20,29391,1470,10.288477807454907,False
315,25,,Y4zan,0,4,1,5,29124,5825,10.279352190868002,False
316,22,Wu Chih-ying,Jackywu,3,3,4,10,29068,2907,10.277427593236435,False
317,31,Otto Heikkinen,pannari,4,3,2,9,29025,3225,10.275947259030309,False
318,25,,SkyGuardian,1,3,2,6,28984,4831,10.274533733773833,False
319,25,,Jsh,6,5,8,19,28745,1513,10.266253906111178,False
320,27,Terrell Lee,England,1,5,3,9,28544,3172,10.25923706839836,False
321,25,,Snake,6,8,4,18,28519,1584,10.258360874528233,False
322,24,Xavier Avoine,Eskaa,3,2,1,6,28486,4748,10.257203121842208,False
323,25,,HealthcareOG,6,11,5,22,28416,1292,10.254742836614135,False
324,26,Hayade Tsuda,febar,3,5,0,8,28339,3542,10.252029513244672,False
325,22,Keagen Smith,P3NGU1N,3,1,0,4,28315,7079,10.25118229489408,False
326,22,Pirapat Pimthanapoonporn,AnGryX,14,5,4,23,28242,1228,10.248600918259545,False
327,26,Bryan Agema,Bryan,1,1,6,8,28182,3523,10.246474238267561,False
328,19,Roberto Camargo,Loira,0,0,1,1,27886,27886,10.235915909400319,False
329,25,,Morphed,10,4,1,15,27875,1858,10.23552138255841,False
330,21,Iván Campa Paredes,Ivan,8,2,1,11,27853,2532,10.234731861613037,False
331,27,Daniel An,NeophyteR,3,1,2,6,27600,4600,10.225607282932941,False
332,21,Noah Rodriguez Urwitz,NoaUrz,2,2,1,5,27420,5484,10.219064422181425,False
333,22,Matthew Macway,Dpfire,2,3,0,5,27377,5475,10.217495050155458,False
334,25,Taku Murakami,No2,4,1,1,6,27166,4528,10.20975828042422,False
335,25,,F44az,0,1,3,4,27159,6790,10.209500581672632,False
336,25,,GdNN1,2,4,4,10,26691,2669,10.192119174023498,False
337,20,Reece Lambert,ASTRO,6,5,5,16,26682,1668,10.191781937486343,False
338,33,Taylor Mayeur,Redeemer,1,1,2,4,26592,6648,10.18840330224294,False
339,25,,Kixhro,6,5,3,14,26573,1898,10.187688573151252,False
340,26,Taiga Katagari,Taipon,7,2,3,12,26386,2199,10.18062674361135,False
341,25,,Jarvis,4,1,4,9,26329,2925,10.178464252490356,False
342,25,,Avian,4,5,3,12,26264,2189,10.175992533388062,False
343,30,Khalil Pleas,b1ologic,3,1,4,8,26177,3272,10.172674642351664,False
344,23,Reinaldo Gilbert,Tolji,5,7,3,15,26150,1743,10.171642709679686,False
345,23,Victor Hugo Lopes de Araujo,Hornetao,4,1,3,8,26060,3258,10.16819522292803,False
346,23,Josias Ezequiel Altamirano,Soco,2,1,2,5,25931,5186,10.163233006294886,False
347,28,Gaël Gruyere,Liven,6,2,4,12,25916,2160,10.162654403026995,False
348,27,Brandon Sathongnhot,Euphoria,3,2,2,7,25830,3690,10.159330600013353,False
349,24,Huang Chih-hang,HARAM3E.,6,1,2,9,25657,2851,10.152610692809285,False
350,25,,Fonkers,3,2,3,8,25616,3202,10.151011472575716,False
351,26,Hou Tsung-cheng,Ed,7,6,1,14,25476,1820,10.145531363350818,False
352,27,José Abad Cruz Diaz,Motumbo,9,2,1,12,25239,2103,10.13618531665515,False
353,21,Rodrigo Iván Quiroz Ramírez,Rovi,3,1,0,4,25186,6296,10.134083267375377,False
354,22,Edoardo Treglia,T3b,6,1,1,8,25067,3133,10.129347411344567,False
355,23,Peter Christie-Cnossen,Silent,4,6,7,17,25027,1472,10.127750477118255,False
356,28,Choi Min-ho,CrazyBoy,1,6,6,13,24994,1923,10.12643108384767,False
357,22,Federico Miller,Pechito,4,2,4,10,24948,2495,10.124589020216114,False
358,27,Lee Seong-beom,Kanos,3,4,8,15,24865,1658,10.121256687512883,False
359,24,Logan Parker,Sonar,2,1,0,3,24818,8273,10.119364767858293,False
360,25,,Gity,11,5,4,20,24777,1239,10.117711441675684,False
361,25,,Eddy,5,4,7,16,24651,1541,10.112613312082134,False
362,28,Nolan Crouzery,Joghurtzz,4,2,3,9,24543,2727,10.108222704166982,False
363,34,George Kassa,KingGeorge,1,0,3,4,24485,6121,10.105856804633861,False
364,22,Lorenzo Masuccio,Lollo,2,2,2,6,24451,4075,10.104467291148616,False
365,26,Ivan Federico Dal Molin,Ragn4r,7,1,2,10,24353,2435,10.100451386066952,False
366,26,Takumi Iwasaki,JJ,1,5,8,14,24235,1731,10.09559441006488,False
367,29,Vincent Baucino,Falko,4,1,2,7,24215,3459,10.094768850701554,False
368,23,Im Seung-hwan,saeyeora,2,3,4,9,23963,2663,10.084307983203816,False
369,24,Patrick Wines,Pat,5,2,3,10,23945,2394,10.08355657427679,False
370,25,,Rento,1,1,1,3,23848,7949,10.07949756671628,False
371,25,,Renuilz,5,2,2,9,23680,2631,10.072428317836021,False
372,25,Jonas Kaczmarzyk,Jonka,4,3,2,9,23576,2620,10.068026939534285,False
373,25,,ZephiR,1,6,5,12,23552,1963,10.067008479866365,False
374,20,Charlie Foote,Creedz,4,2,2,8,23406,2926,10.060790401909905,False
375,25,Ali Mohammed,mL77A,2,1,2,5,23402,4680,10.060619498256424,False
376,23,Alessio Aquilano,Aqui,2,2,2,6,23118,3853,10.048410069255738,False
377,27,Brendan Carr,Derpeh,3,2,2,7,22993,3285,10.042988591313685,False
378,24,Chen Rui-wei,Ray,5,5,2,12,22842,1904,10.036400003655869,False
379,33,Lee In-yeop,Neilyo,13,0,1,14,22799,1628,10.034515814942532,False
380,25,,sTiZze,5,1,2,8,22709,2839,10.030560635099604,False
381,28,Tomás Freddo Otañi,TomHagen,2,2,5,9,22626,2514,10.026899162451327,False
382,23,Peter Bull,Pacbull,2,1,0,3,22534,7511,10.02282493512475,False
383,21,Siwa Kaewtossapone,Nerix,9,4,4,17,22251,1309,10.010187171195184,False
384,24,Alex Nordlund,SlebbeN,2,1,3,6,22126,3688,10.004553861270931,False
385,26,Naoki Takamoto,Yura,1,3,4,8,22080,2760,10.00247278922055,False
386,28,Medhi Marty,Kaktus,6,4,4,14,21975,1570,9.99770622777511,False
387,24,Daniel Castelo,P1XIE,5,3,0,8,21972,2746,9.997569705897266,False
388,21,Jesse Ojanen,Jeggz,6,4,1,11,21589,1963,9.979985523508853,False
389,21,Yuuta Yanagi,Tyopi,0,1,2,3,21540,7180,9.977713374888099,False
390,25,,Wifi,4,5,2,11,21186,1926,9.96114306502429,False
391,23,Jack Gillies,Jigsaw,4,5,1,10,21094,2109,9.95679132455844,False
392,25,,Hayward,3,5,4,12,21012,1751,9.952896572793671,False
393,25,,FightiR,3,0,0,3,21000,7000,9.952325334619427,False
394,24,Vincent Daniele,Vincere,4,4,3,11,20996,1909,9.95213484935765,False
395,25,,DD,1,0,2,3,20874,6958,9.946307549719057,False
396,22,Andrey Mironov,m1loN,1,2,5,8,20786,2598,9.94208307029549,False
397,24,Georgi Stoyanov,GorgoNa,1,2,3,6,20757,3460,9.940686993525235,False
398,25,,Hajime,6,11,5,22,20750,943,9.940349717268694,False
399,21,Yuki Ishii,YuKiz,0,3,0,3,20635,6878,9.93479240236454,False
400,26,Hikaru Osawa,Li9ht,0,3,6,9,20295,2255,9.918179101279117,False
401,24,Jang Hyun-jun,dmaly,2,0,2,4,20294,5074,9.918129829272997,False
402,24,Toya Kojima,solty,1,3,3,7,20174,2882,9.91219949313815,False
403,25,,Worthy,5,2,4,11,20167,1833,9.911852468867755,False
404,29,Cha Won-il,iLeven,1,5,10,16,19993,1250,9.903187507527125,False
405,25,Sasha Michelizzi,Sasha,0,2,2,4,19919,4980,9.899479531138589,False
406,24,Juusei Oura,Eclair,0,0,2,2,19879,9940,9.897469480210566,False
407,28,Jeronimo Vallejo,Tucu,0,2,3,5,19822,3964,9.894598158690211,False
408,25,,Hatez,5,4,2,11,19755,1796,9.891212521660515,False
409,23,Victor Hugo Bruschini,Bersa,3,5,1,9,19713,2190,9.889084322225385,False
410,25,,Giovanni,4,2,1,7,19503,2786,9.878374851721052,False
411,25,,Draw,2,1,4,7,19463,2780,9.876321884463358,False
412,21,Lorenzo Albiero,Dexter,1,0,1,2,19396,9698,9.872873693918292,False
413,25,,Nekool,2,3,1,6,19302,3217,9.868015803227875,False
414,25,,Readyy,0,1,1,2,19122,9561,9.858647078062974,False
415,25,,Florio,7,5,4,16,19078,1192,9.85634353272731,False
416,30,Ryan Stapley,Lacky,4,0,4,8,19030,2379,9.853824507517027,False
417,25,,vze,0,0,0,0,18894,0,9.84665261578359,False
418,31,Valentin Cheron,Voy,3,1,3,7,18845,2692,9.844055968766702,False
419,22,Shunnosuke Koga,OkOmEsH,0,2,1,3,18766,6255,9.839855287291273,False
420,30,Balázs Kővári,blas,2,2,1,5,18724,3745,9.83761480838542,False
421,25,,Dino,3,5,6,14,18705,1336,9.836599606994497,False
422,27,Kang Sang-eun,Vamos,1,0,6,7,18702,2672,9.836439217783001,False
423,30,Yasuhi Nakajo,CrazyPapiyoN,2,2,7,11,18618,1693,9.831937843696052,False
424,23,Riku Kaizo,Maavi,0,0,6,6,18505,3084,9.825850282808975,False
425,25,,Mcie,6,5,4,15,18479,1232,9.824444345195674,False
426,25,,pX,0,0,0,0,18311,0,9.815311861632402,False
427,25,Aleks Lyapun,VITO,9,2,1,12,18296,1525,9.814492390964565,False
428,22,Hugo Kneip,Ra1koss,6,3,4,13,18129,1395,9.805323303748898,False
429,23,Raine Wright,Dgtl,5,2,5,12,18074,1506,9.802285047026965,False
430,31,Lucas Rodrigues,yuuk,0,2,2,4,18038,4510,9.800291359707678,False
431,25,Bautista Manuel Bayugar,AtlaS,0,1,5,6,17850,2975,9.789814808047552,False
432,25,,Shed,5,0,3,8,17838,2230,9.789142350751268,False
433,25,,Navy,2,4,4,10,17756,1776,9.784535083358834,False
434,22,Geremias Agustín Irisarri,Geree,1,1,3,5,17600,3520,9.77571099759397,False
435,25,,Vale,2,2,1,5,17540,3508,9.77229627684378,False
436,28,Rasmus Larsson,REDGROOVE,5,1,1,7,17401,2486,9.76434042112597,False
437,32,Jared Medeiros,Beastly,2,6,3,11,17355,1578,9.761693546918242,False
438,27,Vinicius Lima,Patoxy,1,1,1,3,17273,5758,9.756957759840232,False
439,23,Joe Crowther,Joe,1,2,2,5,17231,3446,9.75452339939617,False
440,26,Itsuki Sasa,Wh1skey,0,0,2,2,17022,8511,9.742320649814571,False
441,25,,Marsh,0,0,0,0,16912,0,9.735837835974042,False
442,22,Arthur Arantes,Ar7hr,2,5,5,12,16911,1409,9.735778708110018,False
443,25,,Panico,0,2,6,8,16840,2105,9.731571668456054,False
444,25,,Producerboom,7,9,3,19,16831,886,9.731037115537436,False
445,25,,Frenchy,5,2,2,9,16787,1865,9.728419624453482,False
446,25,Daniel Rotheram,Ferral,1,2,3,6,16739,2790,9.725556344043467,False
447,22,,Perro,1,2,2,5,16634,3327,9.719264188452577,False
448,28,Lauren Williams,Goddess,3,3,2,8,16441,2055,9.707594315712079,False
449,21,Edwin Vázquez,Akibeel,2,1,1,4,16439,4110,9.70747266861017,False
450,23,Jose Iman,Jo,4,4,4,12,16413,1368,9.705889908189658,False
451,25,,Nhaiqal,1,1,1,3,16401,5467,9.705158557596356,False
452,25,,Scatto,0,0,0,0,16401,0,9.705158557596356,False
453,27,Ralph Coates,Anarchic,0,2,3,5,16353,3271,9.702227794721923,False
454,25,Jake Harris,GodLeg1on,5,3,4,12,16317,1360,9.700024071988745,False
455,25,,Ryce,5,2,6,13,16277,1252,9.697569781886987,False
456,30,Alexandre Ausesky,AnThraX,2,6,1,9,16198,1800,9.692704790920137,False
457,24,Souichirou Kumazawa,Acerola,0,0,2,2,15920,7960,9.675394271496005,False
458,29,Nathan Donday,Alive,3,8,3,14,15794,1128,9.667448713236185,False
459,23,Baptiste Dedienne,JaKs,3,2,4,9,15646,1738,9.658034484302057,False
460,25,,ChloroForM,6,2,2,10,15539,1554,9.651172623921639,False
461,19,Fabián Chio Zhao,Pyroxz,3,2,1,6,15465,2578,9.64639934516898,False
462,34,Christopher Caccia,KRiiSKO,1,5,1,7,15061,2152,9.619930294661296,False
463,23,Park Do-hyeon,Kira-Miki,2,2,5,9,15046,1672,9.618933914758879,False
464,25,,DirTy,4,2,1,7,14976,2139,9.614270969992395,False
465,19,Lee Eun-sang,EunSang,3,0,1,4,14922,3730,9.610658925931467,False
466,25,,Quiz,9,0,2,11,14895,1354,9.608847999516849,False
467,28,Christophe Soares,Chaoxys,3,1,2,6,14848,2475,9.605687801896062,False
468,25,Eduardo Torassi,Dudds,2,1,1,4,14816,3704,9.603530449208735,False
469,26,Xavier Garcia,Filthy,2,3,1,6,14651,2442,9.592332123898705,False
470,26,Masaki Someya,AzzyyyS,1,4,4,9,14636,1626,9.591307848483947,False
471,22,Landon Ashbee,Beeno,10,5,7,22,14545,661,9.585071320714485,False
472,29,Kanata Saeki,YahooN,1,2,1,4,14537,3634,9.584521190044581,False
473,26,Chase Neely,NotLoading,2,1,1,4,14500,3625,9.581972891547895,False
474,25,,oNe,0,2,2,4,14488,3622,9.581145019820722,False
475,22,Dante Italiani,Dante7,3,3,1,7,14383,2055,9.573871756711402,False
476,25,,Gomess,0,1,2,3,14333,4778,9.570389616553864,False
477,25,,Stemp,1,2,2,5,14226,2845,9.562896846651167,False
478,25,,Snake_Nade,2,2,2,6,14190,2365,9.560363239834537,False
479,25,,Guicho,2,2,3,7,14181,2026,9.559728833863941,False
480,24,Pavel Chebatkov,Amision,5,3,1,9,14040,1560,9.549736900114642,False
481,25,,Kyro,5,4,1,10,14012,1401,9.547740749170218,False
482,32,Álvaro Valero,baroz,4,5,3,12,13995,1166,9.54652685348758,False
483,25,Alexander Chernyshov,KaMa,0,4,2,6,13985,2331,9.545812108263812,False
484,24,Richard Nixon Latif,Rixx,5,7,4,16,13847,865,9.535896096856046,False
485,28,Thiti Chairoek,Redsun,8,1,6,15,13836,922,9.535101442669385,False
486,25,,SkyZs,6,1,4,11,13829,1257,9.534595424658804,False
487,22,Park Geon-Woo,Gotti,2,2,1,5,13799,2760,9.532423871145296,False
488,22,Franco Panno,panno9,1,1,2,4,13713,3428,9.52617248784431,False
489,24,Soshi Ando,SIFTY,0,0,3,3,13702,4567,9.5253700659462,False
490,21,Hernán Ramirez Burrelo,Skarp,1,1,1,3,13667,4556,9.522812613235182,False
491,21,Kousei Ota,maou,0,2,0,2,13570,6785,9.51569044208137,False
492,25,,Ramotov,0,0,1,1,13515,13515,9.511629447834181,False
493,25,,Nayqo,7,1,3,11,13453,1223,9.507031738585551,False
494,26,Alex O'Campo,Butterzz,3,4,1,8,13444,1680,9.506362568702965,False
495,25,,Guto,0,3,2,5,13368,2674,9.500693872983122,False
496,25,Masahiro Minagi,Candy,1,4,2,7,13360,1909,9.500095294588894,False
497,28,Santino de Meulenaere,Gomfi,0,3,1,4,13359,3340,9.500020447090638,False
498,24,Yuki Inomata,A1kyan,0,3,1,4,13329,3332,9.497772413172754,False
499,33,Ozgur Alturk,Kanine,2,4,2,8,13290,1661,9.494842393421333,False
500,24,Maksymilian Borkowski,Mekses,5,4,4,13,13289,1022,9.494767151707292,False
501,20,Alonso Gonzalo Gasca Perez,Fatal,6,2,1,9,13209,1468,9.488729397516371,False
502,25,Benjamin Ligacki,Benjimoola,0,2,2,4,13172,3293,9.485924559229828,False
503,25,,DRUNKKZZ,2,1,2,5,13171,2634,9.485848643496254,False
504,22,Guilherme Goulart,Empttz,1,4,4,9,13002,1445,9.47293537905132,False
505,26,Leon Snikkers,Leonski,10,2,2,14,12967,926,9.470240063415512,False
506,35,Arnaud Billaudel,BiOs,1,2,1,4,12960,3240,9.469700127423375,False
507,25,,Meight,1,2,1,4,12900,3225,9.465060106725137,False
508,21,Lachlan Brown,MrB,5,4,5,14,12851,918,9.461254720235749,False
509,28,Jason Luu,GhxsT,1,4,1,6,12783,2130,9.455949668006056,False
510,25,,Lion,1,1,2,4,12748,3187,9.453208116138121,False
511,29,Kim Ha-neul,EroSA,2,2,3,7,12685,1812,9.448254302193842,False
512,21,Emiliano Garay,Nitro,0,1,3,4,12633,3158,9.444146871458646,False
513,25,,Tomas,3,3,0,6,12606,2101,9.44200749423127,False
514,25,Dean Groenen,Avaiche,10,2,3,15,12586,839,9.440419814291506,False
515,23,Alexandre Moranta,QrTz,4,4,5,13,12517,963,9.434922887484646,False
516,25,,wrath,0,1,5,6,12503,2084,9.433803872101313,False
517,20,Gustavo Gabas Leite,H4skk,1,1,0,2,12450,6225,9.429556219952412,False
518,26,Lara Beatriz Machado,Lara,18,8,2,28,12330,440,9.41987169587053,False
519,25,,Nuxxga,0,1,1,2,12314,6157,9.418573310554638,False
520,21,Victor Henrique Pedron,Daffodil,0,0,2,2,12304,6152,9.417760962825156,False
521,24,Park Sung-woo,Guard,0,0,2,2,12281,6140,9.415890054889344,False
522,25,,yektz,1,2,4,7,12270,1753,9.414994033976548,False
523,23,Joe Pardoe,YZN,3,3,2,8,12253,1532,9.4136076932856,False
524,24,Seth Pinkney,Abunai,2,1,4,7,12147,1735,9.404919826165639,False
525,25,,Jayxrs,4,0,0,4,12102,3026,9.401208634738603,False
526,26,David Khalfa,sNKy,5,6,5,16,12023,751,9.39465993143281,False
527,25,,Swag,2,0,5,7,11980,1711,9.3910773406399,False
528,28,Dylan Brigitte,Dirza,3,1,2,6,11869,1978,9.381769487603714,False
529,25,,denike,4,2,2,8,11824,1478,9.377971213360134,False
530,25,,Lasmooo,5,2,1,8,11796,1474,9.375600540841843,False
531,37,Sébastien Guérineau,FuriouSG,1,1,1,3,11750,3917,9.371693622333941,False
532,21,Yoon Seo-jeun,Gakki,1,0,5,6,11666,1944,9.364519622823858,False
533,24,Ko Jae-min,HI_Im_JIN_00,1,0,6,7,11611,1659,9.35979432514452,False
534,25,,Sam,0,2,1,3,11603,3868,9.359105145241294,False
535,22,Wu Zong-ci,SHADOW,2,3,1,6,11520,1920,9.351926736038054,False
536,26,Dyjair Soares,Mity,3,0,1,4,11427,2857,9.343821763350663,False
537,22,Rahian Ramos,Asa,2,0,1,3,11419,3806,9.343121483210002,False
538,33,Jonathan Nolasco,spokeN,4,1,3,8,11382,1423,9.339876293325217,False
539,27,Ken Takazawa,K-RAISER,2,0,1,3,11378,3793,9.339524830357009,False
540,29,Vitor Janz,IntacT,1,0,1,2,11361,5680,9.338029733117072,False
541,24,Wesley Beeson,Woos,8,1,5,14,11352,811,9.337237305164534,False
542,25,,Powerful,2,1,0,3,11333,3778,9.335562336729565,False
543,26,Keegan Slovensky,Gasher,2,2,2,6,11270,1878,9.329988334242078,False
544,27,Maria Eduarda,DudaZera,9,11,4,24,11261,469,9.329189505814563,False
545,24,Deverik,Inryo,6,10,6,22,11259,512,9.329011901693681,False
546,25,,Fungi,4,4,1,9,11224,1247,9.325898712610455,False
547,25,Alan Gustavo Ramírez,AlanDerf,5,4,2,11,11183,1017,9.322239464473592,False
548,27,Adam Ameiche,Adam,2,1,3,6,11175,1862,9.321523900936798,False
549,21,Richard Rodriguez,blk,3,1,3,7,11173,1596,9.321344930019094,False
550,25,Christoffer Brushane,Kripps,1,1,1,3,11153,3718,9.3195534569495,False
551,24,Seok Dae-won,INNO,0,2,2,4,11114,2778,9.316050826398296,False
552,25,,Aliine,9,9,3,21,11068,527,9.311903687385623,False
553,28,Jack Dawber,JackDaddy,1,5,6,12,11053,921,9.310547632393208,False
554,25,,Havik,2,0,0,2,11000,5500,9.305741456739435,False
555,25,,BCK,2,0,0,2,11000,5500,9.305741456739435,False
556,25,,Vnx,2,1,1,4,10971,2743,9.303101852057495,False
557,26,Yoshifumi Yukimori,YoshiNNGO,0,2,2,4,10918,2730,9.298259670014065,False
558,22,Choi Eun-su,Yeebbal,1,0,5,6,10791,1798,9.286560397887591,False
559,20,Brady Lukens,Spiker,4,5,2,11,10781,980,9.285633356011614,False
560,25,,Lazzo,2,1,2,5,10780,2156,9.285540604539118,False
561,25,,FelarX,1,1,1,3,10779,3593,9.285447844462988,False
562,20,Jeong Tae-yeon,Napz,0,1,1,2,10755,5378,9.283219017388756,False
563,25,,Stigs,3,0,3,6,10727,1788,9.280612424961515,False
564,23,Tim Humpherys,Creators,1,2,2,5,10700,2140,9.278092474027002,False
565,24,Christian Vázquez,NhilV,1,2,1,4,10658,2664,9.274159884689137,False
566,27,Giuliano Solon,Krazy,3,1,0,4,10634,2658,9.271905727634337,False
567,25,,Doodle,2,0,1,3,10631,3544,9.271623600393081,False
568,25,,AzoXx,3,3,0,6,10607,1768,9.269363712425644,False
569,25,,Sayochan,1,1,0,2,10601,5300,9.268797941547751,False
570,25,,Retter,1,3,2,6,10576,1763,9.266437111328052,False
571,21,Kwak Han-gyeol,Marine,1,3,1,5,10568,2114,9.265680467009346,False
572,25,,BarcodeOP,0,1,0,1,10543,10543,9.263312256742289,False
573,23,Hirano Koki,Kohk1,3,1,0,4,10489,2622,9.258177701390343,False
574,25,,INFAMEZERA,1,3,2,6,10417,1736,9.251290358305138,False
575,27,Scott Webber,Neptunez,0,3,1,4,10343,2586,9.244161920451694,False
576,41,Benjamin Leray,Sixquatre,5,1,1,7,10213,1459,9.23151460720759,False
577,25,,Hashasky,3,4,3,10,10126,1013,9.222960403332285,False
578,25,,SimplyKesh,3,1,0,4,10125,2531,9.222861652529854,False
579,23,,Dats,2,2,1,5,10121,2024,9.222466551774023,False
580,25,,F0RBIZERAA,2,3,0,5,10119,2024,9.222268942841456,False
581,23,Thainara Julio,Thaii,17,4,5,26,10035,386,9.213933907486313,False
582,25,,Beat,16,8,2,26,10026,386,9.213036733523925,False
583,25,,zDon,0,0,0,0,10000,0,9.210440366976517,False
584,25,,zMiracle,0,0,0,0,10000,0,9.210440366976517,False
585,25,,Bailey,0,3,7,10,9989,999,9.2093398716426,False
586,25,,Modigga,0,1,2,3,9983,3328,9.208739090609209,False
587,28,Arif Keskin,Next1,4,2,5,11,9976,907,9.208037722913508,False
588,22,Yoon Seo-jin,Crown,0,0,0,0,9965,0,9.20693457884135,False
589,20,Connor Felux,Azian,11,4,7,22,9942,452,9.204624064980074,False
590,21,James Letkovsky,JJBlazt,9,8,5,22,9866,448,9.196951134857168,False
591,31,David Gómez Urrea,p0Lo,4,1,2,7,9856,1408,9.19593714166544,False
592,33,Guilherme Constancio,Revo1Tz,0,1,2,3,9821,3274,9.19238004659919,False
593,25,,HasibWantsPeace,8,7,1,16,9783,611,9.188503677367008,False
594,25,,Speca,1,2,4,7,9717,1388,9.181735114965848,False
595,25,,SpawNsss,0,1,2,3,9696,3232,9.179571838304547,False
596,25,,Seal,1,0,0,1,9680,9680,9.177920480720072,False
597,27,Aldair Oliva,Unfixed,4,2,1,7,9639,1377,9.17367638760459,False
598,25,,gCR,0,2,0,2,9536,4768,9.162934249578912,False
599,25,,Jittery,16,8,2,26,9526,366,9.161885151706779,False
600,26,Kian Mozayani,Hyena,2,0,0,2,9483,4742,9.157361447185297,False
601,27,Lee Kuei-en,S1no,4,4,0,8,9476,1184,9.156623089470195,False
602,25,,Kurtz,4,4,2,10,9476,948,9.156623089470195,False
603,22,Yushi Arai,Vbort,1,0,2,3,9471,3157,9.156095357123787,False
604,25,Teemu Sairi,Stigi,2,1,5,8,9451,1181,9.1539816383068,False
605,32,Aaron Chung,Gotcha,1,2,3,6,9440,1573,9.152817185732516,False
606,20,Julia Brito,Juu,7,7,4,18,9376,521,9.146015161419625,False
607,21,Caetano Curbello,Nyjl,2,1,3,6,9335,1556,9.141633173966392,False
608,24,Iikka Anttila,Erkkari,6,3,5,14,9305,665,9.138414632404594,False
609,22,Park Se-ha,Shu,2,0,2,4,9292,2323,9.13701670755734,False
610,30,Jorge Figueroa,Shoxo,4,2,2,8,9249,1156,9.132378830506472,False
611,28,Noah Britt,Trippen,1,6,2,9,9247,1027,9.13216259091216,False
612,25,,Quick,0,2,0,2,9174,4587,9.12423767292277,False
613,36,Jose Luis Corchero Cortes,weskeRR,3,6,4,13,9154,704,9.122055457108612,False
614,27,Kevin Do,Chapstick,0,2,1,3,9154,3051,9.122055457108612,False
615,30,Christian Gauch,Prod,1,4,2,7,9145,1306,9.121071904218,False
616,30,Do You-hyeon,LabyRinth,0,3,4,7,9101,1300,9.116249448576587,False
617,24,Han Dae-gyu,Tomorrow,0,3,4,7,9101,1300,9.116249448576587,False
618,25,,VJ,7,1,0,8,9067,1133,9.11250701162742,False
619,25,,iblackZ,1,0,5,6,9042,1507,9.10974625674048,False
620,25,,iiMohQ,0,1,4,5,9041,1808,9.109635667854551,False
621,25,,Bae,5,2,3,10,9029,903,9.108307646411031,False
622,22,Robert Kormylo,Melted,2,0,1,3,9023,3008,9.10764297373784,False
623,22,Jameson Lancaster,KoolAid,5,2,3,10,8998,900,9.104868739033948,False
624,22,Yun Seok-hyun,Marb1e,1,1,1,3,8980,2993,9.10286651367095,False
625,27,Keisuke Kimura,CoPaHiPo,3,6,0,9,8938,993,9.098179005087852,False
626,20,Lee Seung-Min,Kupe,0,1,0,1,8932,8932,9.09750756370184,False
627,31,Brandon Santos,Karnageb,3,2,2,7,8931,1276,9.097395612960048,False
628,25,Maxime Cahagnet,Meloo,1,1,3,5,8927,1785,9.096947684621092,False
629,29,Park Jae-hyun,PJH,0,3,1,4,8900,2225,9.093918908958932,False
630,20,José Juan Monroy Padilla,Phaczy,1,0,1,2,8832,4416,9.086249986745132,False
631,21,Kim Young-min,Ran,1,0,1,2,8823,4412,9.085230560933338,False
632,36,Kyle Wrigglesworth,zilchy,2,1,0,3,8800,2933,9.082620630373812,False
633,25,,Tristan,4,2,2,8,8782,1098,9.080573313917117,False
634,30,Shuto Nasukawa,Aroer1na,3,4,0,7,8733,1248,9.074978734045507,False
635,26,Gabriel Bailer de Sousa,fk1,0,2,0,2,8711,4356,9.072456664612796,False
636,25,,Lucaa,0,1,1,2,8689,4344,9.069928218259438,False
637,23,Farhan Adinepa,Hermosa,3,5,3,11,8688,790,9.069813136839207,False
638,25,,Doq,2,2,2,6,8652,1442,9.06566136060674,False
639,25,,sno0ken,2,1,2,5,8573,1715,9.056489647157923,False
640,37,Daniel Ortega Martínez,chOi,3,4,4,11,8520,775,9.050288983827956,False
641,25,Ryota Hirata,Window,1,3,1,5,8502,1700,9.048174321385792,False
642,25,,bor,0,0,0,0,8461,0,9.043340831280013,False
643,23,Reira Nishino,Reira,1,0,2,3,8443,2814,9.041211408968211,False
644,20,Kaoru Moromizato Ykey,Akusu,0,0,1,1,8391,8391,9.035034150076132,False
645,27,Joseph Eisenmann,Phozzo,2,3,1,6,8377,1396,9.03336450150698,False
646,25,Ryuya Okubo,VaNiSh,1,2,0,3,8362,2787,9.031572493381526,False
647,25,,MahMan,1,1,0,2,8350,4175,9.03013657115323,False
648,25,,Freak,2,3,5,10,8350,835,9.03013657115323,False
649,24,Abdullah Rihan,Factor,0,0,0,0,8338,0,9.028698584086985,False
650,25,,syliX,2,1,3,6,8335,1389,9.028338763993148,False
651,24,Gabriela Scheffer,GaB,6,6,9,21,8321,396,9.026657889542886,False
652,25,,Jaay,1,2,2,5,8310,1662,9.025335217553026,False
653,23,Lin Zong-min,Flash,6,2,1,9,8289,921,9.022805248129341,False
654,23,Shawn Testa,Twiizt,3,2,6,11,8263,751,9.019664010799474,False
655,24,Fynn Lorenzen,Drvn,2,1,1,4,8232,2058,9.015905747298426,False
656,25,,Turqo,2,5,2,9,8229,914,9.015541293671115,False
657,25,,Clipe,1,1,1,3,8209,2736,9.013108202446475,False
658,25,,LuliArlequina,9,3,3,15,8170,545,9.008346579384707,False
659,25,,Roldinii,2,7,8,17,8161,480,9.00724451596575,False
660,25,Vitor Ruiz,Vittzzz,1,0,2,3,8155,2718,9.006509131694346,False
661,24,Jesse Sheffield,Mohesse,0,2,3,5,8140,1628,9.004668301573977,False
662,26,Leo Kukielka,M4DMAN,3,3,3,9,8070,897,8.996032669324372,False
663,25,,Hife,1,2,4,7,8066,1152,8.995536944936974,False
664,25,,Victory,1,2,1,4,8046,2012,8.993054630146133,False
665,23,Kyle Anderson,Whimpy,1,6,2,9,8043,894,8.992681750892542,False
666,23,Braulio de Jesús Neri Venegas,GladiuZ,2,4,2,8,7965,996,8.982937763741589,False
667,25,,JettCon,14,4,11,29,7960,274,8.982309899088579,False
668,31,Joshua Diaz,vandal,1,2,1,4,7910,1978,8.976009475021396,False
669,19,Kim Jang-wook,RuMaTick,0,0,0,0,7897,0,8.974364841846596,False
670,23,Kyohei Koyama,Take,0,2,1,3,7889,2630,8.97335141383992,False
671,24,Charlie Tran,Rooty,1,3,1,5,7879,1576,8.972083182851925,False
672,23,Nathaniel Williams,naate,0,3,0,3,7851,2617,8.968523555396352,False
673,22,Tyler Ross,Kento,4,3,1,8,7848,981,8.968141414126814,False
674,27,Anatoly Martynov,eXoduSS,4,4,3,11,7848,713,8.968141414126814,False
675,24,Anthony Gomez,AnthonyMGS,1,2,0,3,7834,2611,8.966356154790121,False
676,25,,Zenoxo,3,6,2,11,7811,710,8.96341629199657,False
677,25,Kim Yo-sep,Templat,2,4,4,10,7807,781,8.962904128092928,False
678,25,Seth Mik,Callout,2,0,3,5,7794,1559,8.961237781491876,False
679,25,,Maker,10,4,1,15,7791,519,8.960852845322371,False
680,25,,Kilo,1,1,5,7,7788,1113,8.960467760919949,False
681,25,,Mitrix,0,3,5,8,7788,974,8.960467760919949,False
682,27,Jamal Qasim Khan,DOC7ER,8,3,1,12,7730,644,8.952993499320474,False
683,26,Tomás Troncoso Antireno,Skillz,1,3,4,8,7708,964,8.950143756459262,False
684,25,Kirill Belozerov,SmashByAsh,3,2,3,8,7708,964,8.950143756459262,False
685,31,Diogo Vieira,D1OGO1,0,1,0,1,7700,7700,8.94910546953925,False
686,23,Peter Christie-Cnossen,Silent,2,2,0,4,7678,1920,8.946244609330543,False
687,25,,ItBeStyle,0,3,5,8,7672,959,8.945462952177666,False
688,25,,Poison,8,6,4,18,7646,425,8.942068693044225,False
689,34,Alex Dalgaard-Hansen,z1ronic,0,1,0,1,7618,7618,8.93840040647301,False
690,25,,Read,0,2,2,4,7598,1900,8.935771938669784,False
691,25,,naka,3,3,2,8,7585,948,8.934059722248843,False
692,21,Nicolas Fresnel,NearZ,3,0,4,7,7577,1082,8.933004591578547,False
693,20,Riley Killen,Rival,6,5,4,15,7573,505,8.93247660846174,False
694,22,Nikita Kruchinkin,RORICK,4,1,4,9,7569,841,8.931948346431495,False
695,25,,IFKToRx,0,2,0,2,7530,3765,8.926783114101351,False
696,26,Kao Yin-hung,Aimb0t,5,2,3,10,7488,749,8.921190556249368,False
697,25,,Krusher,1,3,0,4,7487,1872,8.921057018157429,False
698,24,Caroline Rubin,Carol,6,8,4,18,7478,415,8.919854372191667,False
699,24,Fábio Luiz Pieri,Hxnteer,2,3,3,8,7438,930,8.914491710191342,False
700,20,Davey Hendriks,Freq,5,2,2,9,7426,825,8.912877287669296,False
701,30,Luiz Filipe,Lipezord,1,0,2,3,7419,2473,8.911934336161426,False
702,25,,Tuhan,3,3,2,8,7417,927,8.911664758049536,False
703,21,Antonio Vázquez,CroqSon,6,2,0,8,7405,926,8.910045761473558,False
704,24,Lee Jung-hyun,JungGoon,1,2,5,8,7382,923,8.906935339059165,False
705,33,Daniel González Domínguez,LioN,3,2,4,9,7368,819,8.905037290767,False
706,26,Óscar Puerma,Kuriboh,3,4,3,10,7330,733,8.899867211223587,False
707,27,Rob Flynn,Flynn,2,1,0,3,7325,2442,8.89918494333876,False
708,20,,Runner,1,1,1,3,7272,2424,8.89192414015454,False
709,25,,KhaZiX,2,5,0,7,7271,1039,8.891786635857315,False
710,24,Adam Kolodkin,Drip,3,1,0,4,7267,1817,8.891236429516061,False
711,22,Mario Manzato,Dora,2,2,3,7,7261,1037,8.89041055197428,False
712,25,,JNhan,2,1,2,5,7250,1450,8.888894669371593,False
713,25,,DjuZ,2,5,3,10,7250,725,8.888894669371593,False
714,28,Jeffrey Haworth,The Evil Waffle,4,1,1,6,7241,1207,8.887652690325586,False
715,20,Feerose Saylaman,idfc,1,1,3,5,7230,1446,8.886132618174951,False
716,23,,Luugator,1,0,1,2,7226,3613,8.885579291282982,False
717,25,,DriD,3,2,4,9,7216,802,8.884194633072273,False
718,25,,fAAreS,1,2,0,3,7210,2403,8.88336291691676,False
719,25,,fxrias,3,1,1,5,7209,1442,8.883224230278994,False
720,30,Kévin Henriques,Whiteshark67,1,0,1,2,7203,3602,8.882391706295847,False
721,24,Muhammad Hassan,Invi,4,4,2,10,7188,719,8.880307358983872,False
722,25,Julio Cesar,Spades,3,1,2,6,7185,1198,8.879889967673464,False
723,25,,Sparko,13,8,4,25,7178,287,8.878915376576483,False
724,25,Jesús Ochoa Aguilar,Gsuz,3,2,0,5,7157,1431,8.875985891325971,False
725,28,Nino Bernardes Pavolini,ninexT,1,0,1,2,7145,3572,8.874308038583354,False
726,25,,TaHa,5,10,1,16,7104,444,8.868554040531201,False
727,24,Willian Rosa Rodrigues,WiLL,1,3,0,4,7074,1768,8.864322722511439,False
728,25,,ProtaX,1,1,2,4,7059,1765,8.862200330487287,False
729,26,Tomasz Adamczyk,Acid,3,1,2,6,7051,1175,8.861066543517762,False
730,25,,Basthian,2,0,0,2,7038,3519,8.85922139360813,False
731,26,Connor Wickham,Kngz,1,1,3,5,7026,1405,8.857515151192198,False
732,25,,Mii7,9,10,1,20,7023,351,8.857088135314953,False
733,25,,Focal,3,1,4,8,7007,876,8.854807632616227,False
734,24,Matheus Fillipe,KingSt4r,3,2,1,6,7002,1167,8.854093907655518,False
735,29,Dylan Simoneau,Whiskerzz,5,0,0,5,6996,1399,8.853236764745898,False
736,33,Brandon Langiano,Raven,0,3,1,4,6995,1749,8.853093836138493,False
736,25,Fernando González,Raven,0,3,1,4,6995,1749,8.853093836138493,False
737,25,,Kaefe,0,2,2,4,6992,1748,8.852664927703866,False
738,25,,Playxr,3,2,0,5,6966,1393,8.848939995030118,False
739,22,Jeong Seong-Hyeon,Baguette,0,0,0,0,6959,0,8.847934753328465,False
740,26,Beau Hobill-Hill,Shade,2,3,6,11,6929,630,8.84361509218395,False
741,28,Isaiah Patterson,Vast,2,1,2,5,6928,1386,8.843470781627381,False
742,30,Jordan Leroy,Quaal,1,3,1,5,6915,1383,8.84159284680318,False
743,22,Pedro Sabino,PpWs,2,0,3,5,6875,1375,8.83579236650274,False
744,30,Aleksandr Rusiyev,rush,2,4,2,8,6850,856,8.832149906002899,False
745,25,,flaers0,2,4,2,8,6850,856,8.832149906002899,False
746,25,,xAbdullah,0,0,0,0,6838,0,8.830396801098097,False
747,22,Lee Sang-min,retaddress,1,0,4,5,6766,1353,8.819813136232225,False
748,25,,Layton,6,1,2,9,6752,750,8.817742129574842,False
749,25,,Eupor,3,1,1,5,6735,1347,8.815221555922163,False
750,25,,KerzZ,0,0,1,1,6683,6683,8.807471889715284,False
751,23,Wang Jung-hsuan,Xuan,5,4,1,10,6677,668,8.8065738205036,False
752,24,Sandhip Sridhar,xSandy,10,6,1,17,6643,391,8.801469470733185,False
753,25,,ZETA,1,2,4,7,6633,948,8.799963219506997,False
754,23,Jason Mahabir,Sippin,1,2,1,4,6617,1654,8.797548488481558,False
755,29,Florian Carubia,SangraL,0,1,2,3,6617,2206,8.797548488481558,False
756,23,Sergey Bolotskov,Skiteyyy,2,2,3,7,6615,945,8.797246236703527,False
757,25,,Ryba,5,2,1,8,6612,826,8.796792687674662,False
758,31,Jorge Weeks,WikS,1,2,1,4,6571,1643,8.790573479157159,False
759,25,,Todd,3,3,5,11,6550,595,8.787372988731876,False
760,24,Song Min-hyuk,BD,0,3,7,10,6544,654,8.786456678344,False
761,25,Gonzalo Ceridono,WOLFz,1,2,2,5,6520,1304,8.782783017393202,False
762,25,Pakkapon Pongyeetho,Pxkie,1,4,0,5,6508,1302,8.780941113572387,False
763,25,,Milostka,2,1,2,5,6502,1300,8.780018887869153,False
764,23,Jed Dixon,pikniq,1,0,3,4,6469,1617,8.774931387494947,False
765,20,Kim Geon,Zad,0,1,0,1,6448,6448,8.771680359010377,False
766,24,Eduardo Ortiz,Luxor,1,0,0,1,6444,6444,8.771059915373288,False
767,22,Bruna Bessow,bruna,5,9,2,16,6429,402,8.768729817231666,False
768,26,Noé Hassen,NoerA,3,2,3,8,6412,802,8.766082459148864,False
769,25,,Bouncinballz,1,0,4,5,6408,1282,8.765458531504226,False
770,24,Jung Ju-young,Nero,1,1,3,5,6406,1281,8.765146421639022,False
771,25,,Daya,3,2,2,7,6387,912,8.762176509334903,False
772,20,Fernanda Patissi de Souza,Nandaa,5,1,8,14,6368,455,8.759197750371365,False
773,35,Guillaume Beck,Scok,0,0,0,0,6355,0,8.757154527656606,False
774,23,Elouan Louzaouen,Ayzenn,5,2,3,10,6338,634,8.754476306284166,False
775,25,,AttackerMindz,0,0,0,0,6325,0,8.752423403865594,False
776,25,,Vapo,1,0,3,4,6309,1577,8.749890955535259,False
777,24,Sai Danush,R4ttl3r,10,4,2,16,6277,392,8.744806737401898,False
778,20,Nicolas de Val Cruz,Slater,2,1,0,3,6267,2089,8.74321260347591,False
779,24,Enio Rodrigues,DreeuZ,2,1,3,6,6258,1043,8.7417757069247,False
780,25,,S4i,1,0,1,2,6248,3124,8.740176729929082,False
781,24,Sebastian Lewandrowski,Foster,5,2,2,9,6240,693,8.738895704934043,False
782,25,,JKR,0,2,4,6,6237,1040,8.738414897167749,False
783,22,Chiu Ye-song,SongDi,5,3,1,9,6224,692,8.736328721332908,False
784,25,,FATAR,8,8,0,16,6222,389,8.736007384569218,False
785,25,,Oj,2,3,3,8,6192,774,8.731174900938061,False
786,20,Lee Do-hun,Wplly,0,0,0,0,6147,0,8.723882104658486,False
787,25,,Vector,0,4,3,7,6112,873,8.718172930028725,False
788,26,Ryan Knierim,P3NG,5,0,0,5,6096,1219,8.715552125907816,False
789,25,,Mengo,4,1,0,5,6096,1219,8.715552125907816,False
790,28,Alice Duplan,Kitty,2,0,1,3,6065,2022,8.710454688248527,False
791,25,,ville,2,1,5,8,6038,755,8.705993714307901,False
792,25,,Curly,5,1,2,8,6012,752,8.70167907103957,False
793,25,,shu,4,1,4,9,6007,667,8.700847193443972,False
794,25,,Killer,1,0,0,1,6000,6000,8.699681400989514,False
795,32,Riku Pöytäkivi,Keittiömestari,0,1,2,3,6000,2000,8.699681400989514,False
796,25,,Presidnt,3,0,2,5,5975,1195,8.695506726812653,False
797,25,,Shift,1,3,2,6,5937,990,8.689127655323706,False
798,25,,Nick,4,3,3,10,5927,593,8.687442166975924,False
799,23,Pedro Monge,BOPE,1,0,0,1,5895,5895,8.682029433869172,False
800,25,,Guii,0,4,0,4,5863,1466,8.676587243566487,False
801,25,,Vivid,2,1,2,5,5845,1169,8.673512945671192,False
802,25,,GrandReaper,0,0,0,0,5843,0,8.67317077287059,False
803,25,Francisco Heredia,Hunther,1,2,4,7,5824,832,8.669914278433902,False
804,25,,Razorr,1,1,1,3,5818,1939,8.66888370465667,False
805,25,,EX7,9,7,3,19,5813,306,8.668024081118821,False
806,29,Gurman Bains,GurmyWormy,0,1,0,1,5788,5788,8.663714844079005,False
807,21,Czikai Máté Gábor,Rexhun999,2,2,12,16,5782,361,8.662677858158219,False
808,27,Bartek Hajma,AueR,5,3,1,9,5772,641,8.660947155060933,False
809,25,,Maquina,0,0,2,2,5771,2886,8.660773919893762,False
810,25,,SpeakEqsy,3,2,0,5,5766,1153,8.659907293615413,False
811,24,Shohma Shiotsuka,Shokei,2,1,2,5,5763,1153,8.659386957119413,False
812,23,Emma Peterson,Marmalade,2,6,1,9,5736,637,8.654691704601872,False
813,30,Jeon Yeong-jin,JaekDow,1,4,4,9,5714,635,8.65084957622891,False
814,27,Gabriel Billordo,Billordo,4,3,1,8,5713,714,8.65067458279072,False
815,31,Park Hyun,OCN,4,0,0,4,5708,1427,8.64979915596426,False
816,25,,Eastwood,3,4,2,9,5708,634,8.64979915596426,False
817,25,,prototype_1z,1,4,1,6,5708,951,8.64979915596426,False
818,25,,Lambe,0,3,4,7,5686,812,8.645938147306799,False
819,25,,Thyy,1,0,2,3,5645,1882,8.638702608813434,False
820,25,Muhammad Akbar Ihsan,Lonely,4,3,0,7,5637,805,8.637284671674058,False
821,25,,Kiru,4,3,3,10,5608,561,8.632127729508337,False
822,25,,NesT,1,1,1,3,5600,1867,8.630700432209832,False
823,25,,briyohs,7,5,3,15,5556,370,8.622813673279921,False
824,25,,Abreu,1,1,2,4,5532,1383,8.618485442898109,False
825,25,Martin Kabele,Yuki,6,1,0,7,5528,790,8.617762246337932,False
826,32,Eric Rajot,Aherys,2,2,1,5,5521,1104,8.6164953924901,False
827,28,Mario Oliveira,Nubaii,2,1,4,7,5515,788,8.615408238913192,False
828,21,Lucas,Xeno,5,1,2,8,5492,686,8.61122983334262,False
829,25,,Linkoo,1,3,2,6,5471,912,8.607399459302387,False
830,32,Ivan Cuesta Mendez,KRYP,2,0,0,2,5445,2722,8.602636673233706,False
831,26,Keisuke Akiyama,ekus,2,1,0,3,5427,1809,8.59932602095476,False
832,31,Álvaro Gómez,sakke,2,6,1,9,5424,603,8.59877317840866,False
833,21,Park Jun-sung,Kanye,0,1,2,3,5407,1802,8.5956346177228,False
834,37,Cyril Renoud,jahk,1,1,2,4,5402,1350,8.594709633844065,False
835,25,,Huntr,1,3,2,6,5399,900,8.594154232552366,False
836,26,Roland Szabó,StriKe,8,4,4,16,5397,337,8.59378379357795,False
837,25,,Adriano,2,0,4,6,5392,899,8.592857095337227,False
838,25,,FuZiion,2,1,4,7,5386,769,8.591743922680534,False
839,20,,Emilio,3,5,0,8,5377,672,8.59007183682881,False
840,25,,Legacy,2,1,1,4,5376,1344,8.589885876809678,False
841,25,,Rendier,1,0,0,1,5375,5375,8.589699882202986,False
842,25,,Biz,0,2,3,5,5365,1073,8.58783803098557,False
843,25,Igor Silva,freezao,0,3,1,4,5355,1339,8.585972706811063,False
844,36,Jayden Saunders,Dizzle,2,0,1,3,5352,1784,8.585412430393381,False
845,34,Parker Mackay,Interro,0,0,0,0,5335,0,8.58223158759546,False
846,22,Aphichai Wongjak,Deadpool,5,3,4,12,5324,444,8.580167990577626,False
847,25,,Funleks,3,1,2,6,5304,884,8.576405051048084,False
848,33,Michiel van Dartel,oVie,1,0,0,1,5292,5292,8.574140471857987,False
849,20,Jeong Tae-hoon,aEnde,0,0,1,1,5287,5287,8.573195381531523,False
850,27,Riccardo Antoni,RaiDeN,5,3,4,12,5266,439,8.569216219483389,False
851,24,Denis Dupljak,BZ,2,3,3,8,5198,650,8.556221578383715,False
852,25,,Buzuka,3,3,1,7,5194,742,8.555451903533328,False
853,22,Jeffrey Pingel,Saikosys,1,1,0,2,5178,2589,8.552367266423891,False
854,25,,RE4PER,10,3,0,13,5170,398,8.550821372396221,False
855,25,,Marteau,1,2,0,3,5163,1721,8.549466751966532,False
856,25,,mhagr,1,1,2,4,5158,1290,8.54849804124465,False
857,25,,xRoyale,0,1,3,4,5151,1288,8.54714026778419,False
858,25,,Zyon,1,1,2,4,5150,1288,8.546946149565585,False
859,25,,Boydy,1,0,5,6,5127,854,8.542470998600505,False
860,20,Shinya Sogo,sShinya,0,0,0,0,5105,0,8.53817159780143,False
861,25,,iZRO,1,2,1,4,5097,1274,8.53660358493606,False
862,21,Hibiki Hattori,Sylvia,0,0,0,0,5092,0,8.535622326884605,False
863,23,Joao Pedro Lopes Gaspar,Gaspro,2,0,1,3,5072,1691,8.53168763756669,False
864,25,,Shermi,1,1,4,6,5062,844,8.529714471969909,False
865,25,,j9krr,2,2,9,13,5059,389,8.52912176228151,False
866,25,,Neyox,4,3,3,10,5033,503,8.523970175695261,False
867,26,Mariano Sánchez,Yekko,5,2,1,8,5001,625,8.517593111437565,False
868,20,Diego Sciacca,zodiac,6,3,5,14,5000,357,8.517393171418904,False
869,28,Francesc Illana,JuK4,2,3,3,8,5000,625,8.517393171418904,False
870,25,,Benji,1,1,0,2,4992,2496,8.51579221050061,False
871,25,Matthew Scherer,iMatt,9,2,4,15,4932,329,8.503702601233739,False
872,23,Joshua,ChefJeff,0,3,2,5,4930,986,8.503297086224126,False
873,25,,Apher,1,0,1,2,4918,2459,8.50086053679534,False
874,25,,cCrazy,1,1,1,3,4914,1638,8.500047032581268,False
875,21,Adrián Centurión,Kreevz,1,0,1,2,4911,2456,8.499436469826978,False
876,25,,Chl0e,3,5,6,14,4909,351,8.499029220788566,False
877,22,Jamie Diamond,Skiddy,0,0,1,1,4896,4896,8.496378051702317,False
878,23,Souma Okada,Duo,1,0,0,1,4889,4889,8.494947582468917,False
879,23,Haruki Inamura,SmiLing C4T,1,0,0,1,4889,4889,8.494947582468917,False
880,23,Seo Seong-min,Cloud,1,1,1,3,4887,1629,8.494538500851432,False
881,22,Gunma Sakamoto,RuRn,1,0,0,1,4877,4877,8.492490578775866,False
882,25,,Ferda,2,1,0,3,4863,1621,8.489616423646003,False
883,24,Miguel Angel Crespo Hernández,Crespo,1,2,1,4,4852,1213,8.487352349405215,False
884,25,,ARMi,2,1,2,5,4839,968,8.484669999710677,False
885,23,Jordi Bodro Huete,FOSKITo,3,3,0,6,4838,806,8.48446336679332,False
886,25,,C0LDBRO,0,5,0,5,4834,967,8.483636407887394,False
887,25,,RhymesWithBuck,3,2,1,6,4823,804,8.481358738407021,False
888,22,Mun Seung-chan,moon,4,3,1,8,4817,602,8.480114183174816,False
889,21,Zac Siple,slothi,0,3,1,4,4816,1204,8.479906606630221,False
890,23,Diego Balejo,ZaaK,1,1,3,5,4804,961,8.477412321404392,False
891,27,Nicolás Salcedo,nkt,4,1,1,6,4767,794,8.469682208745185,False
892,24,Dario Josue Ortiz,Dzr,2,1,2,5,4755,951,8.467162257810672,False
893,26,Sedalla Souza,Render,2,5,7,14,4752,339,8.46653127661401,False
894,25,,VelveT,2,1,0,3,4750,1583,8.46611040118692,False
895,25,,pdr1n,0,4,0,4,4732,1183,8.462314529906248,False
896,23,Alec Bhatty,yungalec,2,2,1,5,4713,943,8.458292083496076,False
897,25,,TwX,0,1,3,4,4707,1177,8.457018468380168,False
898,23,Tadanari Uezato,tadaNiki,0,2,1,3,4702,1567,8.455955881945048,False
899,25,,Japer,1,3,2,6,4698,783,8.455104999102815,False
900,25,Erik Ahrenfeld,Nikoh,1,2,0,3,4693,1564,8.454040376410969,False
901,22,Valentin Lima,WeTz,5,1,0,6,4693,782,8.454040376410969,False
902,24,Zeb Esser,Quadzy,4,3,1,8,4676,584,8.450412157725886,False
903,26,Thomas Dumont,Neox,0,2,3,5,4671,934,8.449342524508063,False
904,25,,Martin2k,1,0,0,1,4667,4667,8.448485993406447,False
905,20,Aleck Carvajal,Jebaits,1,0,3,4,4658,1164,8.446556111816797,False
906,25,,Gabo,0,1,3,4,4657,1164,8.446341450444287,False
907,28,Michael Stockley,KiXSTAr,0,1,1,2,4650,2325,8.444837529224097,False
908,25,Bryan Desormeaux,LakQi,1,2,0,3,4648,1549,8.444407421690585,False
909,25,,ELCbis,2,5,0,7,4639,663,8.442469645220301,False
910,21,Zachary McGlede,Logiik,1,2,3,6,4633,772,8.441175704992322,False
911,27,Aleksi Kuoppa,Movetaho,2,0,3,5,4615,923,8.437283808187935,False
912,25,,hypx,2,1,3,6,4611,768,8.436416881388949,False
913,23,Jin Maekawa,JiNm,0,0,0,0,4611,0,8.436416881388949,False
914,25,,Splash,2,1,0,3,4594,1531,8.432724034789787,False
915,21,Michael Reed Sincleair,Reedsink,4,3,0,7,4594,656,8.432724034789787,False
916,24,Amar Preet,Death_Amar,5,4,4,13,4591,353,8.432070937999402,False
917,33,Adenauer Alvarenga,Silence,0,0,1,1,4586,4586,8.430981494597171,False
918,25,,N4de,3,0,0,3,4582,1527,8.430109084509125,False
919,25,,Xclusive,0,0,2,2,4580,2290,8.429672593886743,False
920,24,Aiden Nixon,Nixon,1,1,1,3,4577,1526,8.429017500512511,False
921,25,,dod0o,2,1,2,5,4543,909,8.421562960400987,False
922,19,Greyson,Ooziie,2,1,1,4,4543,1136,8.421562960400987,False
923,25,,Ace,3,0,1,4,4539,1135,8.420682291035394,False
924,25,,Meadzzz,4,1,2,7,4532,647,8.41913925094085,False
925,22,,Repix,1,3,3,7,4487,641,8.409162447202533,False
926,25,,StorMz,3,4,3,10,4460,446,8.403128235128264,False
927,23,Jose Angel Hernandez Bautista,BRKR,1,1,1,3,4445,1482,8.399760094524142,False
928,25,,Shxdow,0,1,2,3,4408,1469,8.391403185357937,False
929,23,Ádám Imre Hostisóczki,Hxsti,0,1,0,1,4369,4369,8.382518288089635,False
930,21,Omar Acosta,OmaRz,1,0,0,1,4355,4355,8.37930948405285,False
931,24,Josué Rocha,OeN,2,1,0,3,4340,1447,8.375860015299594,False
932,22,Pablo Medina,Paby,2,1,0,3,4327,1442,8.372860820526318,False
933,36,Grégory Maisonneuve,Poseidon,1,6,1,8,4298,537,8.366137716496281,False
934,25,,Litmuss,3,1,0,4,4291,1073,8.36450810375059,False
935,25,,Jolten,0,2,2,4,4282,1070,8.36240897761537,False
936,22,Kim Seong-hyun,H1ro,4,0,0,4,4274,1068,8.360539381370861,False
937,21,Hwang Gyo-min,NL,0,3,2,5,4264,853,8.35819745992578,False
938,20,Santiago Espinosa,Flakko,0,2,0,2,4256,2128,8.356319965828153,False
939,25,,Aimke,5,2,5,12,4248,354,8.354438940114811,False
940,22,Brice Mahmoud,Shoukri,2,1,1,4,4248,1062,8.354438940114811,False
941,25,,n0rdwindd,2,1,2,5,4223,845,8.348537825386098,False
942,25,,Jakenna,0,2,2,4,4195,1049,8.341886969516187,False
943,25,,Szagi,2,3,2,7,4195,599,8.341886969516187,False
944,25,,Shlongii,1,2,1,4,4183,1046,8.339023005744759,False
945,25,Lara Alencar,Pessima8,1,5,10,16,4175,261,8.337109129562474,False
946,25,,Fzics,1,2,1,4,4169,1042,8.335671314792847,False
947,25,,Patan,1,0,0,1,4163,4163,8.33423142973486,False
948,25,,Hedsut,9,2,3,14,4152,297,8.331586243630754,False
949,25,,Redd,0,3,1,4,4141,1035,8.328934041955529,False
950,25,,Prede,3,3,1,7,4133,590,8.327000740241713,False
951,25,,IceCold,6,1,0,7,4126,589,8.325306029752582,False
952,25,,JamSuHwan,1,1,5,7,4120,589,8.323851131338817,False
953,25,,geRe,0,0,3,3,4115,1372,8.32263709695394,False
954,30,Kwon Duk-hyeon,Seolleyo,1,1,1,3,4109,1370,8.32117830749028,False
955,24,Bry,Bry,7,4,5,16,4102,256,8.319473692442186,False
956,25,,ezpzlmnsqz,0,0,2,2,4100,2050,8.31898612539206,False
957,25,,Ravz,0,1,2,3,4091,1364,8.316789127071518,False
958,32,Lee Jae-deok,WATB,1,1,5,7,4087,584,8.31581113188354,False
959,25,,Aiven,3,0,0,3,4080,1360,8.314097335405807,False
960,25,,Sunan,0,2,1,3,4078,1359,8.313607139317558,False
961,25,,Hennessy,7,3,4,14,4077,291,8.3133619511344,False
962,25,,Sloppy,1,2,1,4,4057,1014,8.30844552038576,False
963,25,,Warden,2,2,3,7,4052,579,8.307212626628308,False
964,25,,Din,0,0,0,0,4048,0,8.30622521603216,False
965,30,Zahar Sinyavcev,PWN3F,3,0,2,5,4042,808,8.304742269640771,False
966,25,,Deity,6,6,5,17,4036,237,8.30325712085294,False
967,25,,Seezy,2,3,2,7,4033,576,8.302513718514158,False
968,25,,Goooft,1,0,3,4,4032,1008,8.302265794873367,False
969,25,,Jaksu,3,6,0,9,4032,448,8.302265794873367,False
970,25,,Pinku,0,1,2,3,4029,1343,8.301521654940728,False
971,25,Tiago William Huber,SUPREMAA,1,1,3,5,4025,805,8.300528606199737,False
972,25,,xedux,0,0,1,1,4019,4019,8.299037181613066,False
973,25,,Fenz,3,2,1,6,4010,668,8.296795865770052,False
974,25,,Skeptic,0,0,1,1,4010,4010,8.296795865770052,False
975,27,Zheng Shi-hong,Cyan,2,2,0,4,3988,997,8.291295851905407,False
976,29,Kim Jeong-woo,r3plicA,0,0,3,3,3987,1329,8.291045131081729,False
977,25,,ShaZ5ibe.,3,3,1,7,3976,568,8.28828304520769,False
978,25,,Riot,6,3,7,16,3971,248,8.287025025165063,False
979,23,Konrad Kurzweil,Koji,4,2,1,7,3953,565,8.282483003730562,False
980,27,Maximilian Glowacki,Paiin0,4,2,1,7,3953,565,8.282483003730562,False
981,25,,Spideytime,0,1,0,1,3952,3952,8.282230063296685,False
982,25,,PARAA,2,1,3,6,3949,658,8.281470857895167,False
983,28,Shin Jun-young,Revi,0,2,4,6,3928,655,8.27614021955846,False
984,25,,sSeiiya,0,0,0,0,3911,0,8.271804031154709,False
985,28,Andrezza Fontenele,Bits,5,2,0,7,3897,557,8.268218880067506,False
986,25,,notyAshritB,0,4,1,5,3891,778,8.266678443305896,False
987,25,,Ronny,1,2,1,4,3888,972,8.265907334155747,False
988,25,,destiny,1,1,1,3,3871,1290,8.261526448396468,False
989,22,Giovanna de Fontenele,PinkSouls,0,9,7,16,3857,241,8.257904193465674,False
990,25,,Prophecy,1,0,1,2,3852,1926,8.256607344626158,False
991,25,,PePe,3,0,1,4,3840,960,8.253488028345904,False
992,27,Enrique Flores,Clerici,3,1,1,5,3834,767,8.251924713801357,False
993,25,,JoeGoR,1,0,1,2,3827,1914,8.250097752572845,False
994,36,Grégory Maisonneuve,Poseidon,5,3,1,9,3827,425,8.250097752572845,False
995,23,Eduardo Viani Santos,dustii,1,2,1,4,3823,956,8.249052274171293,False
996,23,Santos Galarraga,SANT9S,0,3,1,4,3817,954,8.247482004285693,False
997,20,Daniel Ortega,CadenT,4,1,0,5,3807,761,8.244859395911256,False
998,27,João Giordani,VISION,1,0,3,4,3805,951,8.244334047856094,False
999,25,,IWI,1,2,1,4,3800,950,8.24301946898925,False
1000,25,,Punisher,3,1,1,5,3786,757,8.239329427901795,False
1001,21,Larissa Stéfany,Lari,1,3,9,13,3769,290,8.234830280442056,False
1002,24,Narabodee Plailaharn,Kirisaku,4,3,6,13,3759,289,8.23217423638394,False
1003,25,,Talon,2,1,1,4,3758,940,8.231908243564177,False
1004,24,Mark Kaudyk,Optyk,3,3,0,6,3753,626,8.230577217146454,False
1005,24,Heshan Virantha,BL4NK,7,4,3,14,3752,268,8.23031079913502,False
1006,25,,Chainaa,3,1,0,4,3745,936,8.228443883004033,False
1007,25,,NNN1CK,2,1,4,7,3743,535,8.227909837597483,False
1008,24,Pedro Henrique Muniz Pereira,Thuunder,1,0,2,3,3742,1247,8.22764270790443,False
1009,25,,Jango,1,1,1,3,3741,1247,8.227375506834035,False
1010,25,,FahON,0,2,4,6,3738,623,8.226573474977114,False
1011,25,,KSiiX,1,6,1,8,3733,467,8.225235324101668,False
1012,25,,Killerman,1,1,1,3,3730,1243,8.224431573221159,False
1013,25,,Xploidz,3,1,0,4,3723,931,8.222553638396958,False
1014,21,Ivan Zhuchkin,sk1per,2,4,2,8,3717,465,8.220941168281389,False
1015,21,Seo Hyun-jin,Notion,0,1,1,2,3714,1857,8.220133957151859,False
1016,21,Yoo Yeon-woo,Accident,0,1,1,2,3714,1857,8.220133957151859,False
1017,25,,Swaylen,0,1,3,4,3700,925,8.216358332386156,False
1018,25,,Lokirio,4,1,0,5,3658,732,8.204945165019208,False
1019,25,,Oasis,2,3,2,7,3653,522,8.203577736937952,False
1020,25,,Thundderr,4,1,0,5,3650,730,8.202756381655638,False
1021,25,,BDA,4,1,0,5,3650,730,8.202756381655638,False
1022,22,Luke Slota,Luke,0,0,1,1,3633,3633,8.198089248956116,False
1023,23,Nicolle Lunardi,Lunardi,1,3,10,14,3628,259,8.19671240721307,False
1024,19,Joan Benito,bbySharKK,5,4,1,10,3626,363,8.196161139282902,False
1025,28,Álvaro Martín,vASS1LYY,2,2,4,8,3623,453,8.19533366716287,False
1026,25,,JTc,1,3,2,6,3612,602,8.19229373114764,False
1027,24,Lai Weilin,EdPan,1,3,1,5,3591,718,8.18646442942209,False
1028,25,,ana,2,0,9,11,3589,326,8.185907481482324,False
1029,25,Anton Bukin,namea,3,1,0,4,3583,896,8.18423477409482,False
1030,25,,Dauert,0,1,1,2,3573,1786,8.181440695719374,False
1031,25,,JoeyG,2,1,1,4,3572,893,8.181160858023409,False
1032,25,,AngelzZ,1,2,0,3,3566,1189,8.17948018535889,False
1033,22,Nicholas Peterson,KKin,1,1,2,4,3566,892,8.17948018535889,False
1034,26,Arjan Mateboer,Pangoro,4,5,2,11,3563,324,8.1786387885907,False
1035,23,Raphael Quites,TradyZ,2,1,1,4,3544,886,8.173293438966228,False
1036,25,,Aero,0,2,1,3,3542,1181,8.172729104865471,False
1037,25,,PiXeL,1,0,1,2,3542,1771,8.172729104865471,False
1038,25,,Tactiss,1,5,1,7,3521,503,8.166784289056151,False
1039,25,,HaRuSAN,1,1,0,2,3519,1760,8.166216268592143,False
1040,24,Arvie Wolf,Arv,7,1,3,11,3514,319,8.164794804244766,False
1041,25,,GOKU,1,0,0,1,3510,3510,8.163656176168432,False
1042,20,Hwang Jae-won,DawiD,0,0,0,0,3507,0,8.162801353492073,False
1043,27,Guilherme Oliveira,ScorpioN,1,1,1,3,3503,1168,8.161660452056282,False
1044,37,Murat Motevalli,Mrofficer88,0,3,0,3,3488,1163,8.157370441186774,False
1045,26,Erick Jiménez,Kcire,1,1,4,6,3485,581,8.156510226079966,False
1046,25,,icah,0,3,1,4,3485,871,8.156510226079966,False
1047,23,Trent Rowe,Twent,1,2,0,3,3472,1157,8.152774052744075,False
1048,25,,Nerf,1,3,1,5,3471,694,8.15248607578024,False
1049,24,Joshua Scott,Mangoz,0,1,2,3,3466,1155,8.151044945685024,False
1050,25,,RyRy,7,4,3,14,3460,247,8.149312843635345,False
1051,25,,ateesz,3,3,2,8,3456,432,8.148156439921625,False
1052,24,Wade Steffens,Hitman,3,1,0,4,3454,864,8.14757773620177,False
1053,25,,Sneepy,1,1,3,5,3413,683,8.135639903354386,False
1054,27,Alexander Lawson,Yeti,0,0,2,2,3407,1704,8.133880887949207,False
1054,25,Lim Heon-seong,Yeti,0,0,2,2,3407,1704,8.133880887949207,False
1055,21,Francisco Sanchez,Yorkz7,0,0,0,0,3400,0,8.131824785007195,False
1056,23,Carlos Vargas,Draab,1,1,4,6,3398,566,8.131236549696116,False
1057,25,,aPPROX,0,0,2,2,3371,1686,8.123261319121745,False
1058,25,,Exp0,0,2,3,5,3369,674,8.122668023346407,False
1059,23,Christopher Natri,Krizz,1,3,0,4,3367,842,8.122074375362217,False
1060,24,Nathalia Penteado,Naath,2,0,4,6,3354,559,8.118207049405783,False
1061,25,,xviita,1,1,2,4,3344,836,8.11522197256233,False
1062,25,,Elizalde,1,1,0,2,3301,1650,8.102283624480073,False
1063,27,Daniel Karlsen,JinxedOwl,4,0,2,6,3301,550,8.102283624480073,False
1064,24,Malte Tramsen,Acelele,0,4,3,7,3279,468,8.09559870137819,False
1065,30,Alexandre Koenig,TPEX,2,2,1,5,3260,652,8.089789175789319,False
1066,25,,Candle,3,3,3,9,3255,362,8.08825472712243,False
1067,25,,Kili,4,2,1,7,3238,463,8.08301991917133,False
1068,25,,Jobuu,11,4,5,20,3238,162,8.08301991917133,False
1069,19,Rafael Fernandes Paravizo,Semper,0,0,0,0,3231,0,8.080856419640986,False
1070,27,Beatriz Silva,yElektra,0,3,12,15,3218,215,8.076826031298808,False
1071,25,,Binbin,1,1,1,3,3211,1070,8.074649075066652,False
1072,27,Victor Mamont,Prime,2,1,0,3,3207,1069,8.073402968986406,False
1073,24,Caio César,cainho,2,1,2,5,3203,641,8.07215530818825,False
1074,20,Chen Yung-han,Songla,0,0,1,1,3200,3200,8.071218539969863,False
1075,26,Keenan Dunne,Keenan,1,0,2,3,3185,1062,8.066521490469993,False
1076,28,Kevin Martín Sierra,Iluzjonist,1,2,4,7,3169,453,8.061486866871327,False
1077,21,Brendan Jacob Legler,BjL,1,2,1,4,3167,792,8.060855752934316,False
1078,25,,EiZ,2,2,1,5,3160,632,8.058643712215618,False
1079,23,Guilherme Maddi,maddi,1,1,3,5,3158,632,8.058010800802085,False
1080,23,Ishan Kanungo,Buccinator,4,1,4,9,3158,351,8.058010800802085,False
1081,25,Saketh Sasanakota,NINJAFREAK,4,1,1,6,3156,526,8.057377488557991,False
1082,25,,Kuush,2,2,2,6,3154,526,8.056743774975313,False
1083,23,Jakub Engel,Royal,1,1,0,2,3151,1576,8.05579245097777,False
1084,21,Megyes Mihály,Fantazy,1,1,12,14,3148,225,8.054840221101024,False
1085,25,,Abner,3,2,0,5,3140,628,8.052296499538647,False
1086,25,,Atlas,0,2,2,4,3131,783,8.049427057110695,False
1087,25,,Friqzal,0,1,2,3,3122,1041,8.046549357283078,False
1088,25,,Quantic,2,0,0,2,3120,1560,8.045908742270779,False
1089,25,,Yellow,1,1,2,4,3104,776,8.040768994367578,False
1090,23,Joshua Camplin,Campo,1,1,3,5,3101,620,8.039802343736485,False
1091,25,,tucanQ,3,1,2,6,3091,515,8.036573409707312,False
1092,25,,Shak,1,2,7,10,3084,308,8.034306936339489,False
1093,19,Moon hyun-jun,Kai,1,0,0,1,3083,3083,8.03398273468322,False
1094,19,Kim Ju-han,BINU,1,0,0,1,3083,3083,8.03398273468322,False
1095,25,,Gorank,2,2,2,6,3050,508,8.02322468471667,False
1096,26,Mark Johnstone,Prox,2,0,4,6,3038,506,8.019283792916793,False
1097,25,,Apple,0,2,1,3,3038,1013,8.019283792916793,False
1098,29,Jonatas Gomes da Silva,MEG4,2,1,0,3,3017,1006,8.012349639327795,False
1099,25,Maria Clara Lombardi,russa,10,2,3,15,3013,201,8.01102337918644,False
1100,25,,Perseus,1,1,0,2,3010,1505,8.010027528481734,False
1101,25,,Ayver,0,1,0,1,3000,3000,8.006700845440367,False
1102,30,Lee Si-hun,Nova,0,1,0,1,3000,3000,8.006700845440367,False
1103,25,,MarcoPolo,0,1,0,1,3000,3000,8.006700845440367,False
1104,25,,SilentRage,0,1,0,1,3000,3000,8.006700845440367,False
1105,31,Lim Jun-hyuk,Fanxy,0,1,1,2,2998,1499,8.00603417874901,False
1106,24,Jan Endrych,HanzT,5,2,1,8,2993,374,8.004365564979574,False
1107,29,Vincent Masdebail,Masdemort,4,1,0,5,2986,597,8.00202481821611,False
1108,24,Tomohisa Imoto,Simotuki,1,0,2,3,2982,994,8.000684784514748,False
1109,23,Atharva Patil,Atharv,5,4,4,13,2982,229,8.000684784514748,False
1110,25,,Saeved,0,0,0,0,2981,0,8.000349495324684,False
1111,25,,StryderEpic,0,1,1,2,2976,1488,7.998671361015776,False
1112,25,,Scarrs,0,2,1,3,2967,989,7.995643604287271,False
1113,22,Veerawat Kamolchet,JLucky,1,1,3,5,2956,591,7.9919305198524775,False
1114,25,,Dii,1,4,8,13,2949,227,7.989560449333865,False
1115,22,Thomas Coria,Koria,1,0,0,1,2942,2942,7.987184748233473,False
1116,20,Tim Faulkner,Kqrma,0,1,1,2,2939,1470,7.986164860332727,False
1117,25,Gábor Juhász,DogeFather,4,2,1,7,2936,419,7.98514393119862,False
1118,25,,Reveck,2,0,0,2,2917,1458,7.978653729082731,False
1119,21,Witt Locascio,Wittloc,4,0,2,6,2910,485,7.976251943745623,False
1120,25,,MightyAli,1,0,1,2,2899,1450,7.9724660159745655,False
1121,19,Hong Ji-ho,Dochi,0,0,0,0,2897,0,7.971776122880628,False
1122,28,Do Gi-chen,DOGI,3,1,1,5,2892,578,7.970049304976135,False
1123,25,,Skywalker,1,0,1,2,2886,1443,7.967973179662935,False
1124,25,,Czar,1,0,1,2,2886,1443,7.967973179662935,False
1125,27,Janis Linins,Janixs,0,0,1,1,2867,2867,7.961370201719511,False
1126,25,,Saver,2,2,0,4,2866,716,7.96102146588337,False
1127,22,Ignacio Sponton Bais,Nachoto,0,0,1,1,2864,2864,7.9603236291488395,False
1128,25,,Gwzh,1,2,1,4,2853,713,7.956476798036782,False
1129,25,,Scarex,3,2,1,6,2841,474,7.952263308657046,False
1130,25,,Soyalando,3,2,1,6,2827,471,7.947325027016463,False
1131,26,Oskari Huikko,OSKAMOSKA,3,0,5,8,2821,353,7.945201132412759,False
1132,22,Jan Voják,Groone,3,0,2,5,2820,564,7.944846711001996,False
1133,23,Jeon Won-kyun,Chanzo,0,2,1,3,2818,939,7.9441374911141125,False
1134,27,Abel Lonovics,TRIFT,3,3,3,9,2804,312,7.9391588179567965,False
1135,25,,Alpaca,1,1,1,3,2800,933,7.937731775260109,False
1136,24,Connor Morgan Jones,Welshyy,1,2,3,6,2787,464,7.933079771880415,False
1137,25,,Silenzx,1,1,2,4,2776,694,7.9291264873067995,False
1138,19,Arbaaz Khan,Baaz,0,2,0,2,2752,1376,7.920446505142607,False
1139,25,Danielle Andrade,Cherna,8,0,4,12,2752,229,7.920446505142607,False
1140,26,Zsombor Vincze,w1oza,4,3,0,7,2747,392,7.91862865334224,False
1141,27,Jéssica Pessoa,harley,1,5,8,14,2747,196,7.91862865334224,False
1142,24,Rowan Steyn,Xhosa,11,5,4,20,2740,137,7.916078096302786,False
1143,24,Filipe Dutra,mgN,1,0,3,4,2722,680,7.909489492673759,False
1144,21,Declan Bui,Neptune,0,1,1,2,2720,1360,7.908754738783246,False
1145,25,,Slypery,0,1,3,4,2720,680,7.908754738783246,False
1146,22,Alejandro Argüello,Alee11,0,1,2,3,2715,905,7.906915488678587,False
1147,29,David Sléha,Assassin,5,0,0,5,2697,539,7.900266036767701,False
1148,21,Botond Kristóf Nagy,Sukar,1,1,7,9,2695,299,7.899524472032198,False
1149,22,Nikolas Kaločai,Huntbaby,2,0,1,3,2693,898,7.898782356970309,False
1150,25,,Taco,3,4,1,8,2693,337,7.898782356970309,False
1151,25,Giuliano Domingos,ghost1,0,0,0,0,2689,0,7.897296472595885,False
1152,25,Park Ji-won,LATEPARTY,1,2,1,4,2686,672,7.8961806086154915,False
1153,25,,zFuzioNN,3,1,1,5,2678,536,7.893198869544609,False
1154,37,Jun Matsuura,NoTimeGG,0,1,1,2,2675,1338,7.892078421248119,False
1155,37,Justin Woods,Lycan,2,0,0,2,2670,1335,7.890208213109961,False
1156,25,,Naza,1,0,0,1,2667,2667,7.889084407035514,False
1157,24,Kasper Junnila,Junnika,2,3,2,7,2654,379,7.884199933676039,False
1158,28,C.J. Brooks,CookieZ,0,1,2,3,2654,885,7.884199933676039,False
1159,25,,Bere,4,1,3,8,2645,331,7.880804344674901,False
1160,25,,GuyOnaBear,1,0,2,3,2635,878,7.877017895622398,False
1161,21,Kaleb Davidson,Feltwinter,6,1,1,8,2633,329,7.876258882303226,False
1162,34,Anthony Nizzardo,HOP3Z,0,2,0,2,2625,1312,7.873217054862741,False
1163,25,,Bokzera,1,2,0,3,2619,873,7.8709295967551425,False
1164,25,,cypriSs,1,0,1,2,2616,1308,7.869783902530146,False
1165,25,,Diffele,2,4,2,8,2609,326,7.867105500316739,False
1166,21,Namgung Heon,Honey,1,0,0,1,2607,2607,7.866338923046544,False
1167,23,Alexandre Desrosiers,Exod,0,1,1,2,2603,1302,7.86480400332846,False
1168,25,,Elementz,2,1,1,4,2599,650,7.8632667240095735,False
1169,23,Choi Ju-Seong,JinA,2,3,1,6,2598,433,7.8628820346414905,False
1170,25,,Yami,1,1,3,5,2597,519,7.862497197230545,False
1171,28,Jari van den Berg,Snuf,5,1,0,6,2592,432,7.860570785538664,False
1172,25,,Darkeyss,0,0,2,2,2588,1294,7.859026979751538,False
1173,25,,Swaz,1,2,1,4,2580,645,7.855932199718614,False
1174,25,,Hauva,3,0,3,6,2578,430,7.8551570058813445,False
1175,23,Santiago Alèn,Slemds,1,1,2,4,2567,642,7.850882664809852,False
1176,21,Kim Min-Seok,Islet,0,0,2,2,2563,1282,7.849323818040561,False
1177,25,,PredatR,3,2,1,6,2561,427,7.848543482456679,False
1178,22,Joshua Fletcher,JJF5,7,1,2,10,2554,255,7.845807502637805,False
1179,25,,Loona,1,1,0,2,2551,1276,7.844632644464681,False
1180,25,,Siral,1,1,3,5,2538,508,7.839525581704678,False
1181,25,,Subarctic,0,0,1,1,2538,2538,7.839525581704678,False
1182,24,Stanislav Akimov,Leri,1,0,3,4,2531,633,7.836764783264067,False
1183,30,Ruben Albardias Idiarte,Wispy,1,1,3,5,2530,506,7.836369760545124,False
1184,21,Li Yi-jia,Yiga,3,1,0,4,2529,632,7.835974581721566,False
1185,25,,Kef,1,2,1,4,2514,628,7.83002808253384,False
1186,27,Bryan Tester,BakaBryan,0,1,0,1,2510,2510,7.828436359157585,False
1187,25,,WARBARK,3,1,6,10,2508,251,7.827639546366422,False
1188,21,Lee Sung-Won,C4SPER,1,0,0,1,2506,2506,7.826842098158293,False
1189,25,,rdz,1,1,0,2,2501,1250,7.824845691026856,False
1190,26,Íñigo Gómez De Salazar,Scythe,1,2,1,4,2501,625,7.824845691026856,False
1191,25,,CuCu,0,1,0,1,2500,2500,7.824445930877619,False
1192,25,,Tit0n,0,1,0,1,2500,2500,7.824445930877619,False
1193,25,,SwaggyP,0,1,0,1,2500,2500,7.824445930877619,False
1194,25,,Great,0,1,0,1,2500,2500,7.824445930877619,False
1195,25,,MomoRiNs,1,0,1,2,2498,1249,7.823645930834952,False
1196,25,,KzB,1,0,1,2,2498,1249,7.823645930834952,False
1197,21,Hwang Tae-Jung,TJ,0,0,0,0,2484,0,7.818027938530729,False
1198,22,Leonardo Sarchi,Sarks,1,2,0,3,2484,828,7.818027938530729,False
1199,25,,Noted,0,0,1,1,2482,2482,7.817222785508166,False
1200,25,,Bapn,1,0,0,1,2476,2476,7.814803429489359,False
1201,22,Laryssa Vitória da Silva,Laryzinha,0,1,7,8,2474,309,7.813995675002791,False
1202,25,,Marcy,1,1,2,4,2468,617,7.81156848934518,False
1203,25,,CaioDiniz,0,1,0,1,2466,2466,7.810758116529357,False
1204,23,Ian Arzate,Larzt,1,1,2,4,2457,614,7.80710329012598,False
1205,25,,Moses,3,2,3,8,2456,307,7.806696372521179,False
1206,25,,Zander,0,0,0,0,2450,0,7.804251383528112,False
1207,25,,Coffin,1,1,0,2,2449,1224,7.803843303538772,False
1208,22,Amirreza Lahijanzadeh,Lahijanzade,10,2,1,13,2448,188,7.803435056952168,False
1209,28,Javier Pérez Bueno,Javixu,1,1,3,5,2448,490,7.803435056952168,False
1210,23,Lara Estevan,Larinha,2,0,2,4,2446,612,7.802618063442671,False
1211,22,Cristofer Brandon Martinez,August,0,0,3,3,2432,811,7.796880342783522,False
1212,26,Yoon Doo-ro,Nenko,4,1,3,8,2431,304,7.796469243086058,False
1213,25,,Haze,3,1,4,8,2429,304,7.795646536334594,False
1214,25,,Bazoka,1,0,2,3,2424,808,7.793586803371584,False
1215,25,,Skunky,3,5,4,12,2423,202,7.793174347189205,False
1216,20,Dominic Gierman,Dommy,6,1,2,9,2422,269,7.792761720816526,False
1217,25,,Lebb,0,0,1,1,2410,2410,7.787796878181171,False
1218,25,,Livexer,1,1,2,4,2406,602,7.786136437783072,False
1219,25,Michele Strambi,j3n4,2,0,1,3,2405,802,7.785720896534624,False
1220,25,,Rexevy,4,0,1,5,2400,480,7.783640596221253,False
1221,28,Nipon Imsiri,NameZa,0,0,0,0,2398,0,7.782807262839695,False
1222,25,,Flexy,2,0,1,3,2390,797,7.779466967458324,False
1223,25,,Lay,2,0,2,4,2386,596,7.77779262633883,False
1224,25,,Veyzel,3,1,2,6,2380,397,7.7752758464868625,False
1225,24,Heo Min-jae,GodGimbap,1,0,0,1,2369,2369,7.7706452341291765,False
1226,25,,Resited,2,6,3,11,2365,215,7.768956044538332,False
1227,25,,fredQx,0,2,3,5,2360,472,7.766840537085513,False
1228,29,Sam Lassila,breezy,2,1,0,3,2350,783,7.762596048540069,False
1229,25,,Anarchy,3,2,1,6,2349,392,7.762170607138205,False
1230,23,Duco Oudijn,Duco,5,3,2,10,2348,235,7.761744984658913,False
1231,25,,Mayank,0,3,3,6,2345,391,7.76046702921342,False
1232,29,Márk Keller,zhoxk,5,5,1,11,2341,213,7.758760544157663,False
1233,29,Daniel Ferreira,Lend4,0,1,0,1,2336,2336,7.756623334538858,False
1234,29,Simone Gelsi,Alation,3,0,1,4,2336,584,7.756623334538858,False
1235,25,Ricardo Lopez,Ricto,0,0,4,4,2331,583,7.754481547470383,False
1236,25,,Ravenous,0,1,1,2,2326,1163,7.752335163302292,False
1237,28,Malik Drir,Kabylouu,2,1,1,4,2322,580,7.750614732770409,False
1238,23,Joan Castillo,Slaay,0,1,3,4,2318,580,7.7488913372555315,False
1239,25,,xHeRo,0,0,0,0,2316,0,7.748028524432376,False
1240,25,,Max1ly,2,2,1,5,2314,463,7.747164966520335,False
1241,25,,OuZii,2,0,1,3,2312,771,7.746300662231439,False
1242,30,Eeli Jauhiainen,Roadi,2,4,2,8,2312,289,7.746300662231439,False
1243,28,Niels van Caulil,Dark,3,4,2,9,2311,257,7.7458682297922685,False
1243,20,Miguel Alves,Dark,3,4,2,9,2311,257,7.7458682297922685,False
1244,22,Pattaradanai Ponsup,LebyRinth,2,0,2,4,2308,577,7.744569809354496,False
1245,25,,Deelo,1,0,1,2,2307,1154,7.744136627627991,False
1246,25,,Roccon,1,0,1,2,2307,1154,7.744136627627991,False
1247,26,Myllena Almeida,Myss1,9,1,0,10,2297,230,7.739794458408701,False
1248,34,Oskar Skowronek,Magic,3,0,3,6,2296,383,7.739359202689098,False
1249,25,,AZuKi,1,1,1,3,2286,762,7.734996194022781,False
1250,25,Eric Gorski,Billboard,1,1,1,3,2284,761,7.734121303328305,False
1251,25,Thomas Perona,SETzz,1,1,2,4,2278,570,7.731492029245684,False
1252,25,,Aka,0,2,0,2,2275,1138,7.730174795246222,False
1253,25,,LeGnO,2,1,0,3,2273,758,7.729295674310482,False
1254,25,,Limijan,1,0,1,2,2269,1134,7.727535110475448,False
1255,25,,Tonez,3,0,0,3,2269,756,7.727535110475448,False
1256,25,,Karmaze,2,3,0,5,2269,454,7.727535110475448,False
1257,25,,Nellfq,1,0,0,1,2262,2262,7.724446645633537,False
1258,25,,Bosak,1,2,1,4,2258,564,7.7226775164680035,False
1259,25,,iMooN,1,4,5,10,2254,225,7.720905251936779,False
1260,25,,TragikL,3,2,2,7,2250,321,7.719129840906732,False
1261,25,,Hydre,0,0,2,2,2249,1124,7.718685495198466,False
1262,30,Julius Riikonen,Kyliys,3,4,0,7,2245,321,7.716906135298388,False
1263,25,,Jaz,3,1,2,6,2244,374,7.716460800176355,False
1264,25,,SnoowW,3,2,0,5,2240,448,7.714677473800927,False
1265,25,,Astery,2,1,4,7,2240,320,7.714677473800927,False
1266,25,,Baele,0,1,1,2,2238,1119,7.713784616598755,False
1267,25,,Physicz,0,1,0,1,2238,2238,7.713784616598755,False
1268,27,Diego Fernandez Franco,Dego,0,0,1,1,2227,2227,7.708859601047175,False
1269,25,,A1GA,1,0,2,3,2225,742,7.70796153183549,False
1270,22,Mahan Amir Hosseini,M0rph,6,3,0,9,2224,247,7.707512194600341,False
1271,25,,Mootiii,2,3,1,6,2216,369,7.7039102096163115,False
1272,21,Ko Jae-young,Jazz,0,0,2,2,2215,1108,7.703459047867175,False
1273,25,,Derius,2,1,3,6,2212,369,7.70210434005105,False
1274,28,Stijn de Rooij,Deox,6,1,4,11,2211,201,7.701652362642226,False
1275,20,Faludi Martin,Roky,2,2,2,6,2210,368,7.701200180857446,False
1276,27,Amanda Gusmão,mand,1,5,1,7,2207,315,7.699842407396986,False
1277,25,,KingLio,0,1,0,1,2200,2200,7.696667081526462,False
1278,25,,Dru,2,2,1,5,2197,439,7.6953031349635665,False
1279,25,,Chris,1,0,3,4,2169,542,7.682482446534506,False
1280,25,,DotDash,1,0,2,3,2167,722,7.681560362559537,False
1281,22,Patrick Tilotta,Fanu,1,0,1,2,2166,1083,7.681099001536359,False
1282,25,,TankNinjaz,1,1,3,5,2161,432,7.6787889981991535,False
1283,25,,Primal,0,0,1,1,2155,2155,7.6760099320288875,False
1284,25,,Shax,5,2,3,10,2155,216,7.6760099320288875,False
1285,25,,Hotshot,0,0,2,2,2149,1074,7.673223121121708,False
1286,28,Dhanush Mathappan,Firefly,3,2,5,10,2149,215,7.673223121121708,False
1287,24,Yari van den Broeck,Staed,1,3,1,5,2147,429,7.672292455628756,False
1288,25,,Situf,0,1,0,1,2141,2141,7.669495251007694,False
1289,25,,Connor,0,0,2,2,2136,1068,7.667158255319148,False
1290,25,,Trist,0,1,3,4,2129,532,7.6638772587034705,False
1291,25,Yang Dong-young,Arms_Tina,2,0,2,4,2125,531,7.661997558901893,False
1292,25,,Hiperzz,1,2,2,5,2118,424,7.6586995582682995,False
1293,25,,Franzeta,1,1,1,3,2115,705,7.65728279297819,False
1294,25,,Lonnie Lightning,0,0,0,0,2100,0,7.650168700845001,False
1295,25,,FlyKer,0,0,2,2,2100,1050,7.650168700845001,False
1296,25,,Tazzy,1,5,1,7,2095,299,7.647786045440933,False
1297,26,Fernando de las Muñecas,Ferchie,0,0,0,0,2092,0,7.646353722445999,False
1298,24,Kim Dong-chan,RBT,0,2,4,6,2064,344,7.632885505395133,False
1299,25,,SafHiiZ,0,1,1,2,2062,1031,7.631916513071252,False
1300,22,Nicolas Maulin,Jico4,2,0,1,3,2058,686,7.629975707027789,False
1301,25,,LeaN,0,0,0,0,2050,0,7.62608275807238,False
1302,25,,JiN,0,4,2,6,2044,341,7.623153068476902,False
1303,18,Hsu Zhih-yao,Yao,0,0,2,2,2038,1019,7.620214770574455,False
1304,24,Adam Duma,Mefisto,1,2,2,5,2037,407,7.61972421378267,False
1305,25,,Jonitr,0,0,1,1,2035,2035,7.618742377670413,False
1306,25,,D4RK,0,0,3,3,2031,677,7.616775808698373,False
1307,25,,Avixes,1,2,1,4,2030,508,7.616283561580385,False
1308,25,,Mizu,1,2,1,4,2030,508,7.616283561580385,False
1309,19,,Zonkey,4,0,0,4,2026,506,7.614312146452,False
1310,22,Julian,Pluto,1,0,2,3,2025,675,7.613818684808629,False
1311,24,Zeno van de Seijp,Zeus,1,2,1,4,2022,506,7.612336837167746,False
1312,21,Kim Ji-min,TEMMIE,1,0,1,2,2008,1004,7.605392364814935,False
1313,21,Worakarn Nimsakul,Farlord,1,2,0,3,2006,669,7.604396348796338,False
1314,25,,Hektik,4,2,1,7,2005,286,7.603897968521881,False
1315,25,,Pome,1,2,3,6,2005,334,7.603897968521881,False
1316,23,Luiggi Ianelli,Hellraiser,0,0,0,0,2000,0,7.601402334583733,False
1317,25,,Hinjin,0,0,2,2,2000,1000,7.601402334583733,False
1318,24,Phurin Chaiyawat,Noleaf,0,0,0,0,2000,0,7.601402334583733,False
1319,25,,Haste,0,0,0,0,2000,0,7.601402334583733,False
1320,25,,Scarlet,0,0,2,2,2000,1000,7.601402334583733,False
1321,25,,Cueva,1,0,1,2,2000,1000,7.601402334583733,False
1322,24,Aryaman Singh,QB-,0,1,5,6,1994,332,7.598399329323964,False
1323,28,John Jasso J,Lusty_Boi,3,2,3,8,1994,249,7.598399329323964,False
1324,25,Yun Chang-hyeon,CheongAhm,1,0,2,3,1991,664,7.596894438144544,False
1325,25,,Hit,0,0,1,1,1986,1986,7.594381242551817,False
1326,21,,reverse,1,1,0,2,1980,990,7.591357046698551,False
1327,22,Ross Reid,Skoob,2,3,1,6,1977,330,7.589841512182657,False
1328,27,Denis Janiak,Denio,0,6,1,7,1975,282,7.588829878307813,False
1329,25,,RaMz,0,1,1,2,1964,982,7.583247524303362,False
1330,25,Alanis dos Santos Costa,Lanis,0,0,9,9,1956,217,7.579167967396076,False
1331,25,,Undead,2,0,2,4,1956,489,7.579167967396076,False
1332,25,,Majestic,0,0,3,3,1949,650,7.575584651557793,False
1333,26,Ricardo Ramírez,Stony,0,2,1,3,1945,648,7.57353126274595,False
1334,22,Austin Young,Amty,3,4,3,10,1943,194,7.572502985020384,False
1335,22,Kim Tae-yeong,Z3rom,0,1,0,1,1914,1914,7.557472901614746,False
1336,25,,Dpz,0,0,0,0,1900,0,7.550135342488429,False
1337,25,,Vipoa,5,5,3,13,1899,146,7.549609165154532,False
1338,25,,Lua,0,0,1,1,1895,1895,7.547501682814967,False
1339,25,,Fletch,1,2,1,4,1894,474,7.546974117516527,False
1340,31,Santiago Santana,Curr3nSy,1,1,4,6,1893,316,7.546446273746024,False
1341,19,Marcel Kogler,iKoxe,4,2,1,7,1884,269,7.541683099882111,False
1342,25,,Yamada,0,0,0,0,1883,0,7.5411524551363085,False
1343,23,Luann Andrade Couto Monção,Couto,1,1,1,3,1878,626,7.538494999413465,False
1344,25,,usog,2,1,0,3,1878,626,7.538494999413465,False
1345,24,Benjamin Ploton,Krunch,2,0,1,3,1877,626,7.537962659768208,False
1346,25,Jimi Kallioinen,Kalenski,2,0,3,5,1871,374,7.534762657037537,False
1347,25,,Stazio,0,0,2,2,1870,935,7.534228326274089,False
1348,25,,Spruce,0,0,3,3,1870,623,7.534228326274089,False
1349,25,,MikeW,4,8,1,13,1870,144,7.534228326274089,False
1350,22,Alex Kawa,BLAZEC0D,4,0,2,6,1866,311,7.532088143541722,False
1351,25,,Grzegorzu,0,4,0,4,1865,466,7.531552381407289,False
1352,25,,Atomicc,2,1,2,5,1860,372,7.528869256642251,False
1353,25,,ReMuSe,1,0,1,2,1857,928,7.527255919373784,False
1354,23,Karen Schweitzer,Laady,0,2,4,6,1856,309,7.526717561352706,False
1355,23,Izan Romero,D4rK1,1,2,0,3,1855,618,7.526178913346146,False
1356,31,Brayam Henrik Vieira,DocKy,1,0,0,1,1842,1842,7.519149957669823,False
1357,35,Hughes De Schepper,HughesDS,4,3,2,9,1841,205,7.518607216815252,False
1358,32,Cristobal Spacapan,Kraften,0,0,1,1,1836,1836,7.515889085215125,False
1359,23,Tim Leander,Treiko,5,1,0,6,1836,306,7.515889085215125,False
1360,26,Igor Pawelec,iqorex,2,1,3,6,1831,305,7.513163545234075,False
1361,25,,Deep,1,2,1,4,1828,457,7.511524648390866,False
1362,25,,Joee,1,3,3,7,1828,261,7.511524648390866,False
1363,25,,Tilteq,1,1,3,5,1818,364,7.506042178518122,False
1364,32,Jacob Campbell,XecratioN,0,1,0,1,1814,1814,7.503840746698951,False
1365,25,,Exer,2,1,2,5,1810,362,7.501634457883413,False
1366,23,Juan Pérez,JPz420,1,0,0,1,1808,1808,7.500529485395295,False
1367,24,David Vila Ortega,Deivid,1,0,2,3,1802,601,7.497207223203318,False
1368,25,,Krypticz,1,2,1,4,1796,449,7.493873886783559,False
1369,25,,Barth,1,1,1,3,1788,596,7.489412083508719,False
1370,34,Samy Smail,Stooflex,2,0,0,2,1778,889,7.483806687665835,False
1371,29,Tung Ming Ni,SPirited,1,0,1,2,1777,888,7.48324441607385,False
1372,35,Trevor D. Kenzie,KenZ,0,0,1,1,1770,1770,7.479299637782834,False
1373,24,Matthew Lopez,Ozone,1,1,0,2,1769,884,7.478734825567875,False
1374,25,,Reiaes,1,1,1,3,1763,588,7.475339236566737,False
1375,25,,Yentire,0,1,1,2,1763,882,7.475339236566737,False
1376,25,,Ned,0,1,1,2,1763,882,7.475339236566737,False
1377,25,,Acog,0,1,1,2,1763,882,7.475339236566737,False
1378,25,,yangiii,0,2,0,2,1759,880,7.473069088032197,False
1379,25,,Meira,1,0,0,1,1757,1757,7.471932078245122,False
1380,25,,Phoenix,3,1,1,5,1757,351,7.471932078245122,False
1381,25,,Flopy,2,2,0,4,1756,439,7.471363088187097,False
1382,22,Kim Tae-ha,KTH,0,1,0,1,1755,1755,7.470793774195062,False
1383,33,Matteo Bellotti,Torok,3,0,1,4,1754,438,7.470224135899966,False
1384,28,Thainá Machado,Dooxy,1,5,0,6,1751,292,7.468513271496337,False
1385,25,,Atoomikk,0,0,1,1,1750,1750,7.467942332285852,False
1386,25,,DuckYzZ,0,0,1,1,1750,1750,7.467942332285852,False
1387,25,,Lowww,0,0,1,1,1750,1750,7.467942332285852,False
1388,25,,Skyline,0,0,1,1,1750,1750,7.467942332285852,False
1389,25,,Dashboard,0,0,1,1,1750,1750,7.467942332285852,False
1390,25,,Xefe,0,0,1,1,1750,1750,7.467942332285852,False
1391,25,,GhOsT RiddLe,0,0,1,1,1750,1750,7.467942332285852,False
1392,25,,Stif,0,0,1,1,1750,1750,7.467942332285852,False
1393,25,,Animaul,0,0,1,1,1750,1750,7.467942332285852,False
1394,20,Ian Bogo,Ghostriddik,1,0,0,1,1748,1748,7.466799475018602,False
1395,25,,Twizzlr,4,3,4,11,1747,159,7.466227556215481,False
1396,28,Jorge Montero,jwey,1,1,3,5,1745,349,7.465082736399547,False
1397,25,Nicholas Nilsson,Golden,1,1,1,3,1743,581,7.463936604468925,False
1398,25,,WishMaster,3,3,1,7,1731,247,7.4570320891223805,False
1399,25,,Xjora,1,0,3,4,1728,432,7.455298485683291,False
1400,29,Gerardo Garay Gamez,Olimpo,7,0,0,7,1728,247,7.455298485683291,False
1401,26,Erik Simon,ShooTeX,0,1,0,1,1719,1719,7.450079569807499,False
1402,25,,Cuervo,2,2,0,4,1718,430,7.449498005382849,False
1403,25,,Heavy,2,0,0,2,1717,858,7.4489161025442,False
1404,25,,Shmink,1,1,0,2,1716,858,7.448333860897476,False
1405,25,,Fratelli,1,2,1,4,1713,428,7.446585099157725,False
1406,25,,Radenty,3,1,1,5,1709,342,7.444248649496705,False
1407,25,,Indra,0,0,0,0,1708,0,7.443663683115591,False
1408,33,Antonio Riquelo,Cocomilazor,0,1,0,1,1708,1708,7.443663683115591,False
1409,28,Atsushi Yano,SouLBoi,0,0,1,1,1707,1707,7.443078374348516,False
1410,21,André Grötz,Cloudy,5,2,0,7,1705,244,7.441906728051625,False
1411,20,Im Ji-han,Bonja,0,0,0,0,1698,0,7.4377951216719325,False
1412,20,Kim Min-seong,Cheong,0,0,0,0,1698,0,7.4377951216719325,False
1413,22,Guillermo Guinea,ag,2,1,0,3,1676,559,7.424761761823209,False
1414,25,,Aphex,1,1,0,2,1669,834,7.4205789054108005,False
1415,25,,Billzz,3,1,2,6,1669,278,7.4205789054108005,False
1416,24,Joan Tort Porcuna,NaoResh,1,0,1,2,1664,832,7.417580402414544,False
1417,24,Julián Francos Crego,HuliK,1,0,1,2,1664,832,7.417580402414544,False
1418,24,Owen,Oh-When,2,1,0,3,1656,552,7.4127640174265625,False
1419,25,,Schont,0,0,0,0,1645,0,7.406103381237015,False
1420,28,Jordan Stoneham,Jugger,1,1,2,4,1645,411,7.406103381237015,False
1421,25,,GunHavoK,0,1,0,1,1642,1642,7.404279118037268,False
1422,25,,Jaiilo,1,0,4,5,1630,326,7.396948602621014,False
1423,25,,DavE,0,3,0,3,1619,540,7.3901814282264295,False
1424,25,,Mopee,1,1,0,2,1619,810,7.3901814282264295,False
1425,25,,CroNxqq,1,2,0,3,1617,539,7.388946097618437,False
1426,20,Sung Min-jae,Roland,0,0,0,0,1609,0,7.383989457978509,False
1427,25,,Kanomtuay,2,0,0,2,1604,802,7.380879035564116,False
1428,25,,Mas,0,0,0,0,1600,0,7.3783837129967145,False
1429,25,,Austin,6,4,2,12,1598,133,7.377133712833954,False
1430,25,,FaTaLz,2,1,6,9,1598,178,7.377133712833954,False
1431,25,,StiZ,3,4,2,9,1596,177,7.3758821482150125,False
1432,21,Lee Dae-min,LeeDaeMin,0,0,0,0,1594,0,7.374629015218945,False
1433,25,,Player45,5,2,2,9,1591,177,7.3727463664043285,False
1434,25,,Niko2k,1,1,0,2,1585,792,7.368970402194793,False
1435,25,,Nos,2,1,6,9,1576,175,7.3632795869630385,False
1436,25,,Envyed,0,2,2,4,1574,394,7.362010551259734,False
1437,25,,Doggon,3,3,2,8,1573,197,7.3613754289773485,False
1438,25,,Teddis,2,1,3,6,1573,262,7.3613754289773485,False
1439,19,Kim Yeon-wo,Lev,0,0,0,0,1569,0,7.358830898342354,False
1440,23,Kim Hee-man,aDonis,0,0,0,0,1569,0,7.358830898342354,False
1441,25,,Ayan,0,6,1,7,1567,224,7.357556200910353,False
1442,25,,Cursedwings,0,1,3,4,1559,390,7.352441100243583,False
1443,31,Luca Lotti,Peak,3,0,1,4,1554,388,7.349230824613334,False
1444,25,,Hunter,3,0,1,4,1554,388,7.349230824613334,False
1445,25,,Jayv,2,1,5,8,1551,194,7.347299700743164,False
1446,24,Francisco Guillén,Royz,1,0,1,2,1550,775,7.346655163176539,False
1447,22,Marc Lagestee,Lags,0,0,0,0,1548,0,7.3453648404168685,False
1448,25,,VENP4I,3,1,0,4,1543,386,7.342131730584722,False
1449,23,,SkysKyskY,0,0,0,0,1542,0,7.341483852363161,False
1450,25,,Shoguitor,0,0,2,2,1536,768,7.337587743538596,False
1451,22,Ethan McDonald,Sepi,2,2,0,4,1525,381,7.330405211844402,False
1452,25,,aftr,0,0,0,0,1524,0,7.329749689041512,False
1453,25,,Jordy,0,0,1,1,1524,1524,7.329749689041512,False
1454,26,Alberto Montenegro,batfat,1,3,1,5,1517,303,7.325148957955575,False
1455,25,,Trevmak,4,1,2,7,1517,217,7.325148957955575,False
1456,25,,N1xz,4,1,1,6,1514,252,7.323170717943469,False
1457,23,Rafaela Miranda,Miranda,0,0,5,5,1512,302,7.321849713788356,False
1458,20,Moon Ho-jun,munu74,1,0,0,1,1507,1507,7.318539548567902,False
1459,28,Ryu Seung-hyeon,Roy Mikelate,0,1,3,4,1500,375,7.313886831633462,False
1460,25,,R3mbrandT,1,1,0,2,1500,750,7.313886831633462,False
1461,25,,Masher7,0,0,1,1,1500,1500,7.313886831633462,False
1462,29,Michael Michell Escobal Suarez,Mich4,1,1,0,2,1500,750,7.313886831633462,False
1463,25,,XetreV,1,1,2,4,1492,373,7.30854279753919,False
1464,25,,Goku,0,1,0,1,1490,1490,7.307202314764738,False
1465,22,Patrick,Amp,3,3,1,7,1487,212,7.305188215393037,False
1466,28,Alejandro Lora,aLex,1,0,4,5,1486,297,7.304515946460155,False
1467,22,Kang Yeong-one,Sagem,0,0,0,0,1485,0,7.303843225277705,False
1468,25,,Toasung,0,0,0,0,1479,0,7.299797366758161,False
1469,25,,Lurifax,1,2,0,3,1474,491,7.29641326877392,False
1470,25,Konstantin Volegov,Frey,0,1,1,2,1474,737,7.29641326877392,False
1471,19,Cheon Ju-yeong,Dukmani,1,0,0,1,1474,1474,7.29641326877392,False
1472,25,Min Jin-hong,Hanna,1,0,0,1,1474,1474,7.29641326877392,False
1473,27,Lee Hyun-min,LHM344,2,0,2,4,1473,368,7.295735072749282,False
1474,26,Masashi Miyamoto,Siru,0,0,0,0,1469,0,7.293017679772782,False
1475,25,,HaToo,0,0,0,0,1463,0,7.288927694521257,False
1476,25,,Atharva,0,0,0,0,1452,0,7.2813856635702825,False
1477,25,,Cerberus,0,1,1,2,1450,725,7.280008252884188,False
1478,27,Marco Varas,MXKX,3,1,1,5,1450,290,7.280008252884188,False
1479,27,Jordan Lee Rolph,Rolphy,1,0,0,1,1446,1446,7.277247726631484,False
1480,25,,Flanked,1,0,0,1,1446,1446,7.277247726631484,False
1481,25,Ellis Hindle,GiG,1,0,0,1,1445,1445,7.27655640271871,False
1482,22,Nicholas Naselsky,Space,5,3,2,10,1443,144,7.275172319452771,False
1483,25,,JPM,5,2,1,8,1439,180,7.272398392570047,False
1484,25,,Hansen,0,1,6,7,1437,205,7.271008538280992,False
1485,25,,EL1TE,1,0,2,3,1432,477,7.267525427828172,False
1486,25,,Enigma,0,0,1,1,1430,1430,7.266128779556451,False
1487,25,,Alloy,0,1,0,1,1429,1429,7.265429723253953,False
1488,23,Kristóf Szokolyai,Falcon,4,3,0,7,1421,203,7.259819610363186,False
1489,23,Márk Hodut,Hodka,4,3,0,7,1421,203,7.259819610363186,False
1490,31,Daniil Savostin,Johnny,1,1,0,2,1415,708,7.255591274253665,False
1491,27,Uday Raj Jain,Skipper,3,1,3,7,1406,201,7.249215057114389,False
1492,25,,Sinstar,2,2,0,4,1401,350,7.2456550675945355,False
1493,30,Iván Iturra,El barto,0,0,1,1,1400,1400,7.244941546337007,False
1494,25,,Pox,1,1,1,3,1394,465,7.240649694255466,False
1495,25,,Bombii,15,3,0,18,1391,77,7.238496840894365,False
1496,24,Jack,Jack,0,1,1,2,1389,694,7.237059026124737,False
1497,25,,BmH,1,1,0,2,1387,694,7.23561914106675,False
1498,25,,Exile,3,1,2,6,1384,231,7.233455418621439,False
1499,26,Firat Hisan,Levolution,3,1,0,4,1383,346,7.232733136177615,False
1500,24,,Fire,2,1,1,4,1376,344,7.227662498728654,False
1501,25,,AngMoh,0,1,0,1,1376,1376,7.227662498728654,False
1502,25,,Anon,5,2,1,8,1373,172,7.2254814727822945,False
1503,25,,sKi1Lr,1,0,1,2,1371,686,7.22402480828583,False
1504,25,,HazeldorF,0,0,1,1,1367,1367,7.221105098182496,False
1505,25,,afla,8,8,4,20,1366,68,7.220373836723949,False
1506,25,,Drake,0,0,1,1,1366,1366,7.220373836723949,False
1507,25,,Rafaa,14,4,0,18,1363,76,7.218176838403408,False
1508,25,,TOOMI,0,1,0,1,1363,1363,7.218176838403408,False
1509,24,Juan Pablo Valdivia,JU4MP4,1,0,1,2,1362,681,7.217443431696533,False
1510,21,Kim Ha-kyoung,BlessXD,0,0,0,0,1361,0,7.216709486709457,False
1511,25,,Kakitare,2,1,1,4,1361,340,7.216709486709457,False
1512,20,Ryoo Hyun-woo,SprLuCA,0,0,0,0,1361,0,7.216709486709457,False
1513,27,Shuya Abe,tetra,0,0,0,0,1356,0,7.213031659834869,False
1514,25,,DZz,0,0,1,1,1354,1354,7.2115567333138015,False
1515,25,,InfinityG7,11,0,0,11,1353,123,7.21081845347222,False
1516,25,,DuckDuk,6,3,2,11,1342,122,7.202661196523238,False
1517,25,,Benjaacos,0,1,0,1,1341,1341,7.201916317531627,False
1518,25,,dzn7,0,1,0,1,1341,1341,7.201916317531627,False
1519,20,Denny McDonald,Den,3,5,0,8,1339,167,7.200424892944957,False
1520,25,,ILuMii,2,2,1,5,1336,267,7.198183577101943,False
1521,25,,Lucania,1,5,2,8,1335,167,7.197435354096591,False
1522,25,,Qcxie,0,0,0,0,1335,0,7.197435354096591,False
1523,25,,Dirty,0,0,0,0,1335,0,7.197435354096591,False
1524,25,,Matugo,0,0,0,0,1333,0,7.195937226475569,False
1525,25,,Gioo,0,0,0,0,1330,0,7.193685818395112,False
1526,19,Ilan,Gxldinho,6,3,4,13,1329,102,7.1929342212158,False
1527,25,Chatchai Pinpokbut,xCerlotic,0,0,2,2,1327,664,7.191429330036379,False
1528,21,David Caprio,Sorry,0,0,1,1,1325,1325,7.189922170745808,False
1529,25,,garren,2,3,2,7,1319,188,7.1853870155804165,False
1530,22,Ignacio Passerini,kRMz,1,0,1,2,1311,656,7.179307969504034,False
1531,25,,Smacka,1,2,1,4,1310,328,7.1785454837637,False
1532,25,,Tilarian,1,1,0,2,1309,654,7.177782416195197,False
1533,23,Lautaro Antoño Jurovich,Lautixs,0,0,0,0,1308,0,7.1770187659099,False
1534,26,,h4su,0,0,0,0,1305,0,7.174724309836376,False
1535,21,Leon Jüttner,Juett,7,8,4,19,1299,68,7.170119543449628,False
1536,25,,NotBoku,0,0,0,0,1286,0,7.160069207596127,False
1537,25,,Jnosky,3,2,2,7,1285,184,7.1592919047975645,False
1538,25,,Jcz,0,0,2,2,1280,640,7.155396301896734,False
1539,24,Avisek Mallick,AviM,1,2,4,7,1277,182,7.15305163493748,False
1540,21,Domantas,d0mantas,0,4,0,4,1277,319,7.15305163493748,False
1541,25,,Craxan,3,1,2,6,1274,212,7.150701457592526,False
1542,25,,MaeQ,1,1,1,3,1272,424,7.149131598557407,False
1543,25,,Nfty,1,0,1,2,1267,634,7.145196134997171,False
1544,25,,Darklord,0,0,3,3,1266,422,7.144407180321139,False
1545,25,,Gili,4,3,0,7,1263,180,7.142036574706803,False
1546,21,Alejandro Garcia,Sneak,2,4,0,6,1263,210,7.142036574706803,False
1547,25,,JoT4,1,0,3,4,1263,316,7.142036574706803,False
1548,25,,Nexuiz,1,1,2,4,1259,315,7.138866999945524,False
1549,32,Marcos Vinícios,Dryx,1,0,0,1,1259,1259,7.138866999945524,False
1550,22,Jan Małczyński,Malczyn,2,2,1,5,1257,251,7.1372784372603855,False
1551,25,Yaroslav Kurzin,FMX,0,0,0,0,1254,0,7.134890851565884,False
1552,25,Carlos Estrada,Obi,1,1,0,2,1253,626,7.134093721192866,False
1553,25,,Mugi,1,1,0,2,1253,626,7.134093721192866,False
1554,28,Aman Vivek,Cruzi,3,1,2,6,1252,209,7.133295954896068,False
1555,25,,Squall K,0,0,1,1,1250,1250,7.1316985104669115,False
1556,25,,Fidd,0,0,1,1,1250,1250,7.1316985104669115,False
1557,25,,Emotion,0,0,1,1,1250,1250,7.1316985104669115,False
1558,25,,MrPopo,0,0,1,1,1250,1250,7.1316985104669115,False
1559,25,,EquinoX,0,0,1,1,1250,1250,7.1316985104669115,False
1560,25,,Maestro,0,0,1,1,1250,1250,7.1316985104669115,False
1561,25,,Temps,0,0,1,1,1250,1250,7.1316985104669115,False
1562,25,,Forever,13,3,1,17,1247,73,7.129297548929373,False
1563,22,Bedirhan Kiliç,Beci,7,8,2,17,1242,73,7.1252830915107115,False
1564,25,,SkyBuu,0,0,1,1,1239,1239,7.122866658599083,False
1565,27,Shohei Kameya,Mocho,0,0,1,1,1238,1238,7.122059881629142,False
1566,25,,Szikaly,0,1,8,9,1235,137,7.119635638017636,False
1567,22,Efe Aras,GutterO,6,3,2,11,1235,112,7.119635638017636,False
1568,29,Mandeep Singh,DefinitelyaNoob,1,1,3,5,1234,247,7.118826249062078,False
1569,22,Mario Manzato,Dora,1,0,0,1,1234,1234,7.118826249062078,False
1570,31,Grégory Pesenti,Xkos,1,0,0,1,1225,1225,7.111512116496157,False
1571,25,,Kotly,0,1,0,1,1222,1222,7.109062135687172,False
1572,25,,Shoxl,7,3,2,12,1217,101,7.1049654482698426,False
1573,25,,Bodolf,7,3,2,12,1217,101,7.1049654482698426,False
1574,25,,Kenki,0,2,1,3,1211,404,7.10002716662926,False
1575,25,,Jeny,2,0,0,2,1207,604,7.0967213784947605,False
1576,25,,Darkwin,0,1,1,2,1206,603,7.095893221097532,False
1577,21,Alexis Barón,Xyro,0,0,2,2,1205,602,7.095064377287131,False
1578,25,,Coy,1,1,0,2,1204,602,7.094234845924755,False
1579,35,Jordan Soojian,BKN,0,0,0,0,1200,0,7.0909098220799835,False
1580,25,,Ranger,0,0,1,1,1200,1200,7.0909098220799835,False
1581,25,,bragod,1,0,1,2,1200,600,7.0909098220799835,False
1582,25,,Durawix,1,2,2,5,1193,239,7.085064293952548,False
1583,20,Adrian D.,zCrxticxl,6,1,2,9,1190,132,7.0825485693553,False
1584,25,,Thomsen,1,0,1,2,1181,590,7.074963197966044,False
1585,20,Botond Örs Erdélyi,Delyii,2,1,0,3,1180,393,7.074116816197362,False
1586,25,,Cybrr,4,2,2,8,1179,147,7.07326971745971,False
1587,25,,Xethy,0,0,1,1,1179,1179,7.07326971745971,False
1588,19,Bogdan Kostyakov,KasiPosHa,3,5,4,12,1177,98,7.071573364211532,False
1589,25,,Eleganz,1,0,1,2,1175,588,7.069874128458572,False
1590,25,,Highest,5,2,2,9,1173,130,7.068172000388042,False
1591,26,Raul Macias Hernandez,ScR,1,0,1,2,1172,586,7.067319848653476,False
1592,25,,Cheeseboss,5,2,2,9,1169,130,7.064759027791802,False
1593,22,Wood Tam,Neon,0,0,0,0,1167,0,7.0630481633881725,False
1594,25,Cristobal Brito,Britinzera,1,2,0,3,1167,389,7.0630481633881725,False
1595,25,,Hijack,0,0,0,0,1167,0,7.0630481633881725,False
1596,25,,Scheingg,1,2,0,3,1167,389,7.0630481633881725,False
1597,25,,owo,0,0,0,0,1167,0,7.0630481633881725,False
1598,25,,Neo,1,5,2,8,1165,146,7.061334366910438,False
1599,26,Robert Rečić,Judge,3,3,1,7,1164,166,7.060476365999801,False
1600,25,,barol,0,0,3,3,1162,387,7.0587581525186645,False
1601,25,,Malachi,0,0,1,1,1158,1158,7.055312843339752,False
1602,25,,Rock,0,0,1,1,1157,1157,7.05444965813294,False
1603,25,,BiRD,2,0,0,2,1150,575,7.048386408721883,False
1604,25,,Nid9y,0,1,0,1,1143,1143,7.042286171939743,False
1605,27,Brandon Doemges,Xoogle,1,4,2,7,1143,163,7.042286171939743,False
1606,25,,Objective,0,1,0,1,1143,1143,7.042286171939743,False
1607,25,,Etoiles,1,6,1,8,1143,143,7.042286171939743,False
1608,25,,Lunchbox,0,1,2,3,1140,380,7.039660349862076,False
1609,25,,QuarTurner,4,4,2,10,1135,114,7.035268599281097,False
1610,27,Dariusz Rocławski,Typerek,1,1,3,5,1124,225,7.025538314638521,False
1611,29,Suphawit Kasemsirisopha,nanoKidz,1,1,2,4,1122,280,7.023758954738443,False
1612,20,Patrick B.,p13,6,1,2,9,1122,125,7.023758954738443,False
1613,25,,ELOA,0,2,5,7,1117,160,7.0192966537150445,False
1614,25,,Harry,0,0,0,0,1100,0,7.00397413672268,False
1615,25,,Supremisis,1,0,0,1,1099,1099,7.003065458786462,False
1616,24,Bruna Quini,Maligna,0,0,4,4,1097,274,7.001245622069476,False
1617,29,Laurie Lagier,Lyloun,0,1,0,1,1093,1093,6.9975959829819265,False
1618,25,,Skedar,0,1,1,2,1089,544,6.993932975223189,False
1619,25,,VINCI,0,0,2,2,1088,544,6.9930151229329605,False
1620,25,,KunT444L,0,0,2,2,1087,544,6.992096427415888,False
1621,25,,Dano,12,2,0,14,1087,78,6.992096427415888,False
1622,21,Mert Turgut,Swisswga,3,3,4,10,1078,108,6.983789965258135,False
1623,26,Steve Desjardins,NoG,1,0,1,2,1075,538,6.98100574072173,False
1624,25,,Bev,0,1,3,4,1074,268,6.980075940561763,False
1625,25,,Cobraaaaaaaa,0,0,1,1,1068,1068,6.974478911025045,False
1626,30,Alejandro Déleon Pajón,Romeo,0,1,0,1,1067,1067,6.97354301952014,False
1627,25,Tim Grodon,BaasheD,3,1,0,4,1060,265,6.966967138613983,False
1628,25,,Kicked,0,2,1,3,1058,353,6.9650803456014065,False
1629,25,,sNakj,2,0,0,2,1055,528,6.962243464266207,False
1630,22,Andrey Baviyan,Andreezy,0,0,1,1,1050,1050,6.957497370876951,False
1631,25,,River,0,0,1,1,1050,1050,6.957497370876951,False
1632,24,Adair Guerra,Kaethic,0,0,2,2,1043,522,6.950814768442584,False
1633,25,,Matz,2,2,1,5,1040,208,6.947937068614969,False
1634,25,,Fakers,0,0,0,0,1037,0,6.945051063725834,False
1635,25,,Bigguy,2,2,2,6,1035,172,6.943122422819428,False
1636,25,,d3naTi,6,3,2,11,1034,94,6.942156705699469,False
1637,20,Jan-Niclas B.,splliz,6,1,2,9,1034,115,6.942156705699469,False
1638,28,Rachel,AussiePrincess,5,2,0,7,1027,147,6.93537044601511,False
1639,24,Marcello Omobono,g3r0,0,1,2,3,1026,342,6.934397209928558,False
1640,22,Sali Jakupi,Haci,7,6,3,16,1026,64,6.934397209928558,False
1641,26,Gustavo Toriani,Pandex,0,0,1,1,1025,1025,6.933423025730715,False
1642,22,Bence Köblös,Koblos,3,3,0,6,1025,171,6.933423025730715,False
1643,25,,pupP,5,2,0,7,1024,146,6.932447891572509,False
1644,19,Kieren Harley-pesce,Bmzy,1,3,1,5,1024,205,6.932447891572509,False
1645,25,,SmileBoi,0,2,1,3,1023,341,6.931471805599453,False
1646,25,,ShibeNuts,0,2,1,3,1021,340,6.92951677076365,False
1647,25,,VioletVersace,0,0,1,1,1018,1018,6.926577033222725,False
1648,25,,Zheka,0,1,1,2,1015,508,6.923628628138427,False
1649,20,Spencer Katzman,Teddy,2,1,1,4,1014,254,6.922643891475888,False
1650,21,Evan McDonnell,Evan,1,2,0,3,1012,337,6.920671504248683,False
1651,25,,Rolo,3,0,0,3,1008,336,6.9167150203536085,False
1652,25,,Majere,4,1,1,6,1008,168,6.9167150203536085,False
1653,25,,Array,0,2,1,3,1007,336,6.915723448631314,False
1654,23,Gabriel Olivari,GeB,1,0,0,1,1006,1006,6.914730892718563,False
1655,24,José Rivera,Gonna,1,0,1,2,1005,502,6.913737350659685,False
1656,25,,JPK,0,0,1,1,1004,1004,6.912742820493176,False
1657,25,,Baitzera,2,2,1,5,1003,201,6.911747300251674,False
1658,30,Jordan Eychenne,Erakore,0,0,0,0,1000,0,6.90875477931522,False
1659,25,,ZyTxX,0,0,1,1,1000,1000,6.90875477931522,False
1660,25,,Kori,0,0,0,0,1000,0,6.90875477931522,False
1661,25,,Santa,0,1,0,1,1000,1000,6.90875477931522,False
1662,31,Toni Castro,Amaze,0,0,0,0,1000,0,6.90875477931522,False
1663,25,,zz,0,2,0,2,1000,500,6.90875477931522,False
1664,25,Rafael Vargas,Twiistz,0,1,0,1,1000,1000,6.90875477931522,False
